YEAR,MONTH,DAY,PRIMARY_MAGNITUDE,COUNTRY,LATITUDE,LONGITUDE,INTENSITY_SOLOVIEV
-2000,,,,SYRIA,35.683,35.8,6
-1610,,,,GREECE,36.4,25.4,6
-1365,,,,SYRIA,35.683,35.8,6
-1300,,,6,TURKEY,39.96,26.24,5
-760,,,,ISRAEL,,,3
-590,,,,LEBANON,33.27,35.22,6
-525,,,,LEBANON,33.56,35.37,3
-480,9,29,,GREECE,37.9,23.5,
-479,,,7,GREECE,39.7,23.3,3
-426,6,,7.1,GREECE,38.9,22.7,5
-373,,,7.3,GREECE,38.25,22.25,5
-330,,,7,GREECE,40,25,
-326,11,,,INDIA,23,71,
-227,,,7.2,GREECE,36.3,28.3,3
-226,,,,GREECE,38.6,23.3,
-223,10,,,GREECE,38.809,22.784,
-218,,,,SPAIN,36.2,-7.17,
-210,,,,PORTUGAL,36,-10.5,
-198,,,,GREECE,36.404,25.396,
-150,,,,SRI LANKA,,,
-138,,,,ISRAEL,,,3
-60,,,6.7,PORTUGAL,36,-10,
-58,,,6.6,ALBANIA,41.3,19.5,3
-50,,,5.5,GEORGIA,43,41,
-50,,,,BULGARIA,43.5,28.5,
-47,9,,,CHINA,37.5,119.5,
-23,,,,EGYPT,,,3
46,,,6.2,GREECE,36.404,25.396,3
62,,,6.9,GREECE,35.2,25.1,3
76,6,20,6.3,CYPRUS,34.8,32,4
79,8,24,,ITALY,40.821,14.426,4
115,12,13,7.5,TURKEY,36.1,36.1,
120,,,7.2,TURKEY,40.77,29.92,2
123,,,6.3,SOUTH KOREA,35.8,129.2,
142,,,7,GREECE,36.7,28,4
173,6,28,,CHINA,37.5,120,1
177,,,,ITALY,38,15,6
258,,,,ITALY,41.9,12.45,4
262,,,,TURKEY,36.6,30,4
315,,,,DEAD SEA,31.7,35.5,3
342,,,,CYPRUS ISLAND,,,
344,,,,TURKEY,40.3,26.5,
346,,,6.8,ALBANIA,41.4,19.4,
348,,,4.1,TURKEY,33.9,35.5,3
358,8,24,,TURKEY,40.77,29.9,
362,5,24,,JORDAN,31.3,35.6,3
365,7,21,8,GREECE,35,23,4
368,,,6.4,TURKEY,40.5,29.6,
382,,,,PORTUGAL,36,-10.83,
407,4,1,6.6,TURKEY,41,29,4
416,,,,INDONESIA,-6.102,105.423,3.5
426,,,,GREECE,,,
447,1,26,7.3,TURKEY,40.9,28.5,4
450,1,26,7,TURKEY,40.4,28.4,
478,9,25,,TURKEY,40.8,29.2,
543,,,6.8,TURKEY,40.3,27.8,4
551,4,,7.1,GREECE,38.4,22.3,4
551,7,7,,GREECE,38.4,22.3,
551,7,9,7.8,TURKEY,40.8,29.9,3
552,5,,7.2,GREECE,38.4,22.4,
554,8,15,7,GREECE,36.5,27.5,4
555,8,15,,GREECE,41,29.5,
557,,,7,TURKEY,40.9,27.6,3
558,12,14,7,TURKEY,40.9,28.8,
558,,,7,GREECE,37.1,27.7,6
684,11,29,8.4,JAPAN,32.5,134,1
701,5,12,7,JAPAN,35.7,135.4,1
704,8,2,7,JAPAN,33.8,136.7,2
740,10,26,7.3,TURKEY,40.7,29.3,3
744,6,30,6.4,JAPAN,32.4,130.5,2
745,6,9,6.5,JAPAN,34.6,135.3,1
746,1,18,4.9,SYRIA,32,35.5,3
765,7,,,JAPAN,,,
766,7,20,6.5,JAPAN,31.6,130.7,1.5
792,4,30,,ITALY,45.5,11,3
799,9,18,,JAPAN,,,1
800,,,,GREECE,36.2,23.2,
803,12,19,,TURKEY,36.95,35.6,3
818,8,,7.9,JAPAN,35.2,139.3,1
842,10,24,,UK,49.5,-2.5,
850,11,27,7,JAPAN,39,139.9,1
855,6,,,JAPAN,,,1
859,,,,TURKEY,36.08,36.25,3
863,7,10,7,JAPAN,37.1,138,2
869,7,13,8.6,JAPAN,38.5,143.8,4
881,4,8,,ISRAEL,,,
881,6,10,,SPAIN,36,-8,
887,8,2,6.5,JAPAN,37.5,138.1,1
887,8,26,8.6,JAPAN,33,135.3,3
900,,,,INDIA,10.46,79.53,
922,,,7,JAPAN,33.8,136.7,1
957,4,4,,IRAN,,,3
963,7,22,,ITALY,38,15,5
975,10,26,,TURKEY,41.04,28.98,3
986,10,26,7.5,TURKEY,40.8,29.2,4
991,4,5,,SYRIA,,,
1008,4,11,6.5,IRAN,27.665,52.348,
1026,6,16,7.5,JAPAN,34.8,131.8,3
1033,12,5,,SYRIA,33,35,4
1039,2,2,6.8,TURKEY,38.4,27.3,
1050,,,,GREECE,36.404,25.396,
1065,9,23,,TURKEY,,,
1068,3,18,,ISRAEL,29.5,34.95,4
1076,10,31,,CHINA,23,117,1
1088,5,13,,JAPAN,39.64,141.96,1.5
1088,6,10,7,JAPAN,40.5,143,1.5
1092,9,13,,JAPAN,,,2
1096,12,17,8.4,JAPAN,34,137.5,2
1099,2,22,8.4,JAPAN,33,135.5,
1099,11,11,,UK,50.116,-5.483,
1106,3,,,ITALY,45.5,12.3,3
1112,6,20,,ITALY,40.85,14.25,2
1114,3,12,7,ITALY,36.5,36,3
1134,10,1,,NORTH SEA,,,
1169,2,4,7,ITALY,37.3,15.03,4
1169,2,11,,ITALY,37.734,15.004,
1172,,,,ITALY,38,15,
1202,5,20,7.6,SYRIA,33.5,36,5
1222,5,,6.6,CYPRUS ISLAND,34.5,33,4
1231,3,11,6.9,TURKEY,41,28.6,3
1241,5,22,7,JAPAN,35.2,139.4,1
1257,10,9,7.5,JAPAN,39,144,2
1257,10,9,7,JAPAN,35.2,139.5,1
1265,8,11,6.6,TURKEY,40.7,27.4,3
1270,3,,,GREECE,41.3,19.5,3
1273,9,,6.5,ALBANIA,41.3,19.7,3
1293,5,27,7.1,JAPAN,35.2,139.4,1
1303,8,8,8,GREECE,34,26,4
1321,,,,ITALY,45.4,12.3,3
1329,6,28,,ITALY,37.734,15.004,3
1331,8,15,7,JAPAN,33.7,135.2,
1332,2,12,6.8,TURKEY,40.9,28.9,3
1341,1,1,6,UKRAINE,44.3,34.3,
1341,10,31,7,JAPAN,41,139.5,2.5
1343,10,18,7,TURKEY,41,28.1,4
1343,10,20,,TURKEY,41,28.1,4
1343,11,25,,ITALY,,,4
1344,10,14,6.9,TURKEY,40.8,28.8,5
1348,1,25,,ITALY,46.6,13.8,3
1360,11,22,7,JAPAN,33.4,136.2,2
1361,8,3,8.4,JAPAN,33,135,3
1365,1,2,,ALGERIA,36.8,3,
1389,3,20,6.8,GREECE,38.4,26.3,3
1402,6,,7,GREECE,38.11,22.41,5
1402,,,,SYRIA,35,37,
1403,11,16,,GREECE,,,3
1403,12,,7,JAPAN,33.7,136.5,1
1406,10,16,6.2,JAPAN,34.4,138.4,1
1407,8,23,,NORTH KOREA,38,125.7,0
1408,1,21,7,JAPAN,33.8,136.9,1
1408,12,20,,TURKEY,36.2,36.1,
1419,5,25,,TURKEY,,,
1420,9,6,,JAPAN,,,1
1433,11,7,7.1,JAPAN,34.9,139.5,1
1434,8,6,,SOUTH KOREA,37.5,126,0.5
1437,11,28,,GREECE,40,26.1,
1448,9,19,7,JAPAN,37.5,138.2,2
1456,12,4,,ITALY,41.3,14.7,4
1481,5,3,7.1,GREECE,36,28,3
1481,10,3,,GREECE,36,28,
1489,,,,TURKEY,,,3
1494,7,1,7.2,GREECE,35.5,25.5,2
1495,9,12,7.1,JAPAN,35.1,139.5,2
1498,7,9,6.4,JAPAN,34.4,137.7,
1498,8,2,,VENEZUELA,9.9,-62.3,
1498,9,20,7.5,JAPAN,33.5,135.2,
1498,9,20,8.3,JAPAN,34,138.1,4
1500,7,10,,JAPAN,,,
1500,,,,USA,,,
1504,4,5,,PORTUGAL,,,
1508,5,29,7.1,GREECE,35,25.5,3
1509,6,17,,CHINA,31.5,121.5,0
1509,9,10,7.7,TURKEY,40.8,28.1,3
1510,9,21,6.7,JAPAN,34.6,135.4,1
1510,10,10,,JAPAN,34.5,137.6,1
1511,3,26,6.5,ITALY,46.2,13.433,3
1512,10,,,JAPAN,,,1.5
1513,,,8.7,PERU,-17.2,-72.3,3
1519,9,24,,SOUTH KOREA,36.3,126,0
1520,4,4,7,JAPAN,33.6,136.3,1
1521,10,,,JAPAN,,,
1522,10,22,,PORTUGAL,,,
1524,,,,INDIA,17,73.2,
1530,9,1,,VENEZUELA,10.7,-64.1,
1531,1,26,7.7,PORTUGAL,38.7,-9.1,
1531,1,,4.8,CHINA,30.7,117.5,
1534,,,,ISRAEL,,,3
1537,,,,MEXICO,,,
1538,9,26,,ITALY,40.8,14.2,4
1539,11,24,,HONDURAS,16.2,-88.5,
1540,,,,USA,59.37,-153.42,
1541,12,25,,VENEZUELA,10.8,-64.2,
1542,12,10,6.6,ITALY,37.07,15.3,
1543,9,1,,VENEZUELA,10.7,-64.1,
1545,2,7,,JAPAN,34.8,139,
1546,1,14,6.5,ISRAEL,32,35.5,3
1556,10,21,,SOUTH KOREA,37,126,0.5
1562,7,25,,JAPAN,32.5,130.6,
1562,10,20,,ITALY,40.5,15.5,4
1562,10,28,8,CHILE,-38.7,-73.5,3.5
1564,7,20,5.8,FRANCE,44.017,7.283,4
1570,2,8,8.3,CHILE,-36.75,-73,3
1570,,,,GREECE,,,
1571,5,20,,JAPAN,,,1
1571,7,17,,TURKEY,,,3
1571,11,1,,HOLLAND,,,
1575,12,16,8.5,CHILE,-39.8,-73.2,2.5
1580,1,,,NORTH KOREA,40,128,1
1580,4,6,6.2,UK,51.019,1.309,
1582,1,22,8.2,PERU,-16.6,-71.6,
1584,3,17,8.4,PERU,-11.8,-77.8,
1585,6,11,,JAPAN,,,0.5
1586,1,18,8.2,JAPAN,35,136.8,1
1586,7,10,8.5,PERU,-12.3,-77.7,3.5
1587,7,9,,PERU,-5.3,-80.5,
1589,3,21,6.7,JAPAN,34.8,138.2,1
1590,,,7.7,PERU,-17.2,-72.9,1.5
1591,7,26,,PORTUGAL,37.783,-25.5,
1594,,,,ITALY,40.8,14.4,5
1596,9,4,6.9,JAPAN,33.3,131.7,2
1597,9,10,6.4,JAPAN,33.3,131.6,1
1601,9,8,6.2,SWITZERLAND,46.8,8.5,
1601,,,,GREECE,35.5,25.5,
1602,2,8,7.2,JAPAN,35.1,140.5,1
1603,,,,JAPAN,,,1
1604,11,24,8.5,PERU,-17.88,-70.94,3.5
1604,12,29,8,CHINA,25,119.5,
1604,,,,GREECE,35.5,25.5,
1605,2,3,7.9,JAPAN,33.5,138.5,
1605,2,3,7.9,JAPAN,33,134.9,3
1606,1,23,,JAPAN,31.9,140,
1607,1,30,,UK,51.5,-2.7,
1608,4,20,7.6,IRAN,36.4,50.5,
1608,7,1,,INDONESIA,0.8,127.325,1.5
1609,1,19,,UK,51.5,0.466,
1609,4,,7.2,GREECE,36.4,28.4,4
1611,12,2,8.1,JAPAN,39,144.5,4
1612,11,8,6.7,GREECE,35.5,25.5,4
1613,8,25,5.6,ITALY,38.117,14.783,4
1614,11,26,7.7,JAPAN,37.5,138,1
1615,6,5,5.7,UKRAINE,44.9,35.5,2
1615,9,16,7.5,CHILE,-18.5,-70.35,1.5
1616,9,9,7,JAPAN,38.1,142,1
1616,12,6,7.5,JAPAN,39,144.5,1
1619,5,1,6.4,JAPAN,32.5,130.6,
1622,5,5,6.6,GREECE,37.6,21,
1624,3,19,,ITALY,44.6,11.8,3
1627,7,30,6.7,ITALY,41.733,15.35,5
1627,9,14,8,PHILIPPINES,18.4,121.6,3.5
1629,2,27,,GREECE,35,,
1629,3,7,,GREECE,,,
1629,3,9,7,GREECE,36,25,3
1629,8,1,,INDONESIA,-4.6,129.9,3
1630,3,9,,GREECE,,,
1630,,,,INDONESIA,-4.6,129.9,
1631,12,17,,ITALY,40.821,14.426,5
1633,3,1,7.1,JAPAN,35.2,139.2,1
1633,5,14,,CHILE,-41.8,-73.8,1.5
1633,11,5,6.9,GREECE,37.6,21,3
1634,3,,5.5,CHINA,30.7,115.1,
1636,7,31,,EAST CHINA SEA,35.1,129.05,0
1636,9,30,7.2,GREECE,38.1,20.3,3
1638,3,27,7,ITALY,39.033,16.283,5
1638,,,,PHILIPPINES,,,
1640,4,4,,GERMANY,50.8,5.7,
1640,7,31,6.5,JAPAN,42.07,140.68,1
1640,9,16,,CHINA,23,117,2
1641,12,21,,PORTUGAL,38.4,-28.1,
1642,9,4,6.7,JAPAN,35.2,140.6,1
1643,7,25,6.5,SOUTH KOREA,35.5,129.5,1
1644,10,18,6.9,JAPAN,39.4,140.1,1
1645,11,30,8,PHILIPPINES,14.4,121,
1646,4,5,5.2,ITALY,43.55,10.317,3
1646,4,5,,TURKEY,41.04,28.98,4
1646,6,9,7.6,JAPAN,37.7,141.7,
1647,5,7,,PERU,-15.5,-75,2
1648,2,29,,INDONESIA,,,
1649,1,,5,ITALY,38.183,15.55,5
1649,7,30,,JAPAN,,,
1649,12,9,6.5,SOUTH KOREA,35.5,126,1
1650,9,29,6.3,GREECE,36.404,25.396,6
1650,12,13,,JAPAN,,,1
1651,,,,PERU,,,0.5
1652,,,,ICELAND,,,
1653,7,,,PHILIPPINES,13.1,121.6,1
1653,,,,PORTUGAL,38.4,-27.1,
1655,11,13,7.7,PERU,-12.3,-77.6,
1657,3,15,8,CHILE,-36.83,-73.03,2.5
1657,7,9,,CHILE,-33.5,-70.7,
1657,12,,,JAPAN,,,1
1657,12,,,INDONESIA,-3,128,1
1659,2,17,7.4,GREECE,41,27.8,
1659,11,11,,INDONESIA,-6.92,129.125,0
1660,,,,PAPUA NEW GUINEA,-5.358,147.12,
1661,1,8,6,TAIWAN,23,120.1,1.5
1661,4,22,,ITALY,,,3
1662,10,20,,JAPAN,,,2
1662,10,30,7.6,JAPAN,31.7,132,2.5
1664,,,,JAPAN,27.85,128.25,1
1666,5,31,6.4,JAPAN,35,136.8,1
1667,4,6,7.2,CROATIA,42.6,18.1,4
1667,11,30,6.6,TURKEY,38.4,27.1,2
1667,,,6.7,JAPAN,25,125.5,1
1668,4,13,,USA,42.35,-71.05,
1668,7,10,6.6,TURKEY,38.4,27.1,2
1668,7,25,8.5,CHINA,35.3,118.6,
1668,7,31,6.4,NORTH KOREA,38,126,1.5
1668,11,23,,PORTUGAL,38.5,-28.1,
1670,8,19,6.8,CHINA,33,122.5,1.5
1670,9,,,JAPAN,,,
1670,12,17,6.4,JAPAN,35.5,141,1
1671,2,27,6.9,JAPAN,33.4,134.7,
1672,2,14,6.8,GREECE,,,
1672,4,14,5.6,ITALY,43.933,12.583,3
1672,4,,6.5,GREECE,40,26,
1672,,,,GREECE,36.5,25.5,1
1673,5,20,,INDONESIA,1.375,127.52,
1673,7,12,,INDONESIA,-3,128,
1673,8,12,,INDONESIA,1.375,127.52,1
1674,2,17,6.8,INDONESIA,-3.75,127.75,1.5
1674,5,6,6,INDONESIA,-3.7,128.2,0
1675,3,,,PHILIPPINES,13,121,1
1676,11,,,JAPAN,,,1.5
1676,,,,PORTUGAL,38.733,-27.066,1
1677,4,13,8.1,JAPAN,40,144,2
1677,11,4,7.4,JAPAN,35,141.5,3
1677,12,7,,PHILIPPINES,14.5,120.5,1
1678,6,18,8.4,PERU,-9,-79,2.5
1680,8,29,,JAPAN,,,2
1680,9,28,,JAPAN,34.6,137.6,2
1680,10,9,,SPAIN,36.5,-3.6,3
1681,2,10,,GREECE,35.6,24,
1681,3,10,7.5,CHILE,-18.5,-70.35,
1681,6,12,,SOUTH KOREA,37.5,129.5,
1681,6,26,,SOUTH KOREA,37.5,129.5,
1681,12,11,,INDONESIA,,,
1682,8,,,ITALY,,,3
1682,10,19,,PERU,,,
1682,12,,,CHINA,,,
1686,,,,CHILE,,,
1687,7,12,7.5,CHILE,-32.8,-70.7,
1687,7,26,,JAPAN,,,0
1687,10,20,8.5,PERU,-13.5,-76.5,3.5
1688,3,1,,JAMAICA,17.6,-76.5,
1688,7,10,7,TURKEY,38.4,26.9,2
1689,,,,JAPAN,,,1
1690,2,3,7.7,ITALY,,,3
1690,4,16,8,ANTIGUA AND BARBUDA,17.5,-61.5,
1690,,,,PERU,,,
1690,,,,INDONESIA,,,
1691,7,26,,PORTUGAL,,,
1692,6,7,7.7,JAMAICA,17.8,-76.7,
1693,1,9,6,ITALY,37.333,15.167,2
1693,1,11,7.4,ITALY,37.133,15.017,4
1693,2,13,,ICELAND,64,-19.683,
1694,4,,5.5,TAIWAN,25,121.5,
1694,9,8,,ITALY,40.8,15.6,3
1696,7,25,,JAPAN,,,1
1696,11,25,,JAPAN,,,2
1698,5,14,,ITALY,40.821,14.426,3
1698,12,22,6.4,JAPAN,33.3,131.7,
1699,1,,,ITALY,37.15,15.1,4
1699,3,,,JAPAN,,,
1699,9,8,,JAPAN,,,1
1700,1,27,9,USA,45,-125,
1700,4,1,,JAPAN,32.7,129.7,2
1700,4,16,7,JAPAN,34.2,129.3,
1700,9,12,6.5,SOUTH KOREA,36.5,126.5,1
1703,2,2,6.7,ITALY,42.467,13.2,3
1703,7,2,3.2,ITALY,44.4,8.917,3
1703,12,30,8.2,JAPAN,34.7,139.8,3
1704,1,,,JAPAN,34.8,138.6,
1704,,,,JAPAN,33.6,136,1
1705,11,26,,CHILE,-18.6,-70.2,3
1706,5,5,,SPAIN,28.271,-16.641,
1707,5,,,GREECE,,,
1707,7,20,,ITALY,,,3
1707,10,28,8.4,JAPAN,34.1,137.8,
1707,10,28,8.4,JAPAN,33.2,134.8,4
1708,2,13,7,JAPAN,34,137,1
1708,11,28,,INDONESIA,-3.69,128.15,2
1710,3,6,,INDONESIA,-4.53,129.9,1.5
1710,4,16,5.5,CHINA,27.8,111.6,
1711,9,5,7,INDONESIA,-4,129,1.5
1711,12,20,6.7,JAPAN,34.3,134,1
1714,6,30,,ITALY,40.821,14.426,3
1714,8,4,,MYANMAR (BURMA),21.85,95.967,
1715,8,23,7.5,PERU,-17.3,-70.8,
1715,12,29,6.6,JAPAN,33.3,131.7,
1716,9,24,,PHILIPPINES,14.002,120.993,
1716,,,,JAPAN,34.73,139.4,
1718,10,5,,JAPAN,,,
1719,,,,ITALY,,,2
1721,3,24,,SPAIN,,,
1721,,,,TAIWAN,23,120.2,
1722,9,24,,JAPAN,,,1.5
1722,10,,,INDONESIA,-6.174,106.829,0
1722,12,27,,PORTUGAL,37.2,-7.6,
1723,2,18,7,GREECE,38.5,20.5,3
1723,3,28,,ITALY,,,3
1724,,,,PERU,,,
1725,3,27,,PERU,-16.6,-72.7,1.5
1726,4,1,6.6,JAPAN,36.3,136,1
1726,9,1,5.8,ITALY,38.117,13.35,3
1726,,,,VENEZUELA,10.633,-64.3,
1727,7,4,5.2,ITALY,37.5,13,3
1730,3,23,,ITALY,,,2
1730,7,8,8.7,CHILE,-32.5,-71.5,3.5
1730,11,10,7.6,JAPAN,36.2,142.2,
1731,1,8,,NORWAY,62.333,6.967,6
1731,3,20,,ITALY,41.51,15.5,4
1731,10,7,6.6,JAPAN,,,
1732,2,25,,MEXICO,16.8,-99.9,1.5
1732,11,,,GREECE,39.5,20,2
1732,12,4,6.5,JAPAN,35.2,140.8,1
1732,,,,JAPAN,33.1,139.767,
1735,12,27,,PHILIPPINES,15.8,121.7,1.5
1737,10,11,,INDIA,,,
1737,10,16,,RUSSIA,51.1,158,4
1737,12,17,7.5,RUSSIA,50,157,
1737,12,24,8,CHILE,-43,-74,
1738,7,19,6.5,GREECE,36.8,24.4,3
1741,1,31,7.3,GREECE,36.2,28.5,4
1741,8,29,6.9,JAPAN,41.5,139.37,2.5
1742,1,16,,ITALY,43.5,10.2,3
1742,2,21,,GREECE,,,
1742,3,23,,CHILE,-36.8,-73,
1742,11,18,7,RUSSIA,51.5,157,1.5
1742,11,19,,ITALY,,,
1743,2,20,6.9,ITALY,39,20.3,
1744,,,,PHILIPPINES,17,121,1
1746,10,29,8,PERU,-11.996,-77.198,3.5
1746,12,26,,PORTUGAL,,,
1747,3,,,JAPAN,33.1,139.8,0.5
1747,,,,PHILIPPINES,13.6,123.2,
1748,5,14,6.8,GREECE,38.3,22.1,3
1749,8,12,,PHILIPPINES,14.002,120.993,
1750,10,,,BULGARIA,42.1,24.8,
1750,12,17,,CROATIA,46,12.25,3
1750,,,,MYANMAR (BURMA),18.8,93.633,4
1750,,,,VENEZUELA,10.7,-64.1,
1751,5,20,6.6,JAPAN,37.2,138.1,1
1751,5,25,8.5,CHILE,-37,-73,3.5
1751,7,24,,JAPAN,,,0.5
1751,9,15,7.3,HAITI,18.5,-72.3,
1751,10,18,7.3,DOMINICAN REPUBLIC,18.5,-70.7,
1751,11,21,,ITALY,43.8,9,3
1751,11,21,,HAITI,18.5,-72.3,
1752,4,28,,PORTUGAL,40.4,-8.7,
1752,7,21,7,SYRIA,,,3
1754,4,,6,TAIWAN,25.3,121.4,0.5
1754,8,18,6.5,INDONESIA,-3.5,128.5,0
1754,9,1,,MEXICO,16.8,-99.2,2
1754,9,2,7.2,TURKEY,40.6,30,
1754,9,7,,INDONESIA,-3.5,128.5,0
1754,9,16,,TURKEY,,,
1754,11,15,,PHILIPPINES,14.002,120.993,
1755,10,4,,USA,43.5,-78,
1755,11,1,8.5,PORTUGAL,37,-10,
1755,11,2,,PORTUGAL,37,-10,
1755,11,5,,UK,54.68,-1.21,
1755,11,16,,SPAIN,,,
1755,11,18,,USA,42.7,-70.3,
1755,12,21,,PORTUGAL,37,-10,
1756,1,31,,SPAIN,,,
1756,2,27,,UK,51.208,-4.122,
1756,2,,,NORWAY,62.767,7.9,6
1756,3,29,,PORTUGAL,38.7,-9.1,
1756,10,22,7,ITALY,37.7,22.8,4
1757,7,9,,PORTUGAL,38.65,-28.08,
1757,7,15,,UK,49.92,-6.32,
1757,8,24,7.5,INDONESIA,-6,107,-0.5
1758,5,,,GREECE,,,
1759,10,30,,ISRAEL,33,35.5,4
1760,1,21,,GERMANY,,,
1760,6,16,,ITALY,,,3
1761,3,31,8.5,PORTUGAL,34.5,-13,2
1761,7,28,,UK,50.033,-5.417,
1761,8,14,,UK,49.465,-2.585,
1762,4,2,,BANGLADESH,22,92,
1762,5,26,,NORWAY,60.383,5.333,
1762,9,27,,UK,51.5,0.1,
1762,10,31,6.6,JAPAN,38.1,138.7,1
1763,1,29,7.4,JAPAN,40.8,142,2
1763,3,11,7.8,JAPAN,41,142.5,1
1763,3,15,7.1,JAPAN,40.7,142,1
1763,9,12,,INDONESIA,-6,130,2.5
1763,9,18,,UK,50.6,-2.466,
1764,2,11,,UK,51.45,-2.583,
1764,12,26,,PORTUGAL,38.7,-9.2,
1765,5,,,CHINA,23.12,113.25,2
1765,7,23,,SWEDEN,65.2,21.3,
1765,,,,CHILE,-33.05,-71.617,2
1766,3,8,6.9,JAPAN,40.9,140.7,1
1766,5,22,6.5,TURKEY,40.8,29,2
1766,6,12,6.8,CUBA,19.9,-76.1,
1766,10,21,7.5,VENEZUELA,10.47,-64.17,
1767,4,24,,MARTINIQUE (FRENCH TERRITORY),14.4,-61,
1767,9,5,,IRELAND,,,
1767,11,22,,CHINA,22.2,113.55,2
1767,11,28,,UK,51.5,-0.08,
1767,,,,USA TERRITORY,14,143.3,
1768,6,22,7.5,PAPUA NEW GUINEA,-4.85,152.8,1
1768,7,22,6.5,JAPAN,26.2,127.5,1
1769,6,3,,HAITI,18.5,-72.3,
1769,8,29,7.4,JAPAN,32.3,132,1
1769,,,6.5,GREECE,38.4,12.2,
1770,6,3,,HAITI,18.5,-72.3,
1770,12,,,PHILIPPINES,14.6,120.98,0
1770,,,7,INDONESIA,-5,102,0.5
1771,4,24,7.4,JAPAN,24,124.3,3
1771,11,9,,INDONESIA,0.8,127.325,0.5
1772,11,24,,GREECE,38.8,26.7,
1773,5,6,,MOROCCO,35.8,-5.83,5
1773,6,3,,GUATEMALA,14.6,-90.7,
1773,,,,INDONESIA,,,
1774,7,24,,ITALY,,,3
1774,9,24,,,,,
1774,9,,,CANADA,,,
1775,2,11,,CUBA,19.9,-76,
1775,3,,,HAITI,19,-72.3,
1775,4,18,,INDONESIA,-3.7,128.2,0
1775,10,22,,FRANCE,,,
1775,10,,,JAPAN,,,1
1775,12,18,,HAITI,19,-72.4,
1777,11,14,,SWEDEN,62.366,17.333,
1778,3,4,,BALTIC SEA,,,
1778,6,16,,GREECE,,,3
1778,7,,,JAPAN,,,0
1780,6,18,,RUSSIA,,,
1780,6,29,7.5,RUSSIA,45.3,151.2,3
1780,9,9,,JAPAN,31.6,130.7,1
1780,10,3,,JAMAICA,18.2,-78.1,
1780,10,31,,JAPAN,31.6,130.7,1
1781,4,11,,JAPAN,31.58,130.67,1
1781,4,,,TAIWAN,24,121,
1781,8,1,,JAMAICA,18.1,-77.3,
1781,10,2,,JAMAICA,,,
1782,5,22,7,TAIWAN,24.5,120.5,2.5
1782,8,22,7.3,JAPAN,35.1,139.7,1
1783,2,5,,ITALY,38.9,17.1,3
1783,2,5,6.9,ITALY,38.3,15.967,4
1783,2,6,5.9,ITALY,38.217,15.633,
1783,2,7,6.6,ITALY,38.583,16.2,
1783,3,1,5.9,ITALY,38.767,16.3,3
1783,3,24,,ITALY,38.25,15.717,
1783,3,28,6.9,ITALY,38.783,16.467,
1784,1,7,4.1,ITALY,38.317,16.4,5
1784,1,9,,ITALY,,,3
1784,1,19,4.1,ITALY,38.167,15.633,3
1784,3,28,,MEXICO,16.9,-99.9,
1784,5,13,8,PERU,-16.5,-72,
1787,3,28,8.3,MEXICO,16.5,-98.5,2.5
1787,4,3,7.3,MEXICO,15.5,-97,1
1787,10,27,,JAMAICA,18.47,-77.92,
1787,,,,PORTUGAL,38.5,-28,
1788,7,8,,IRISH SEA,,,
1788,7,21,8,USA,57,-153,4
1788,8,6,8,USA,55,-161,4
1789,,,,JAPAN,38,141,
1790,9,11,,USA,,,
1790,10,9,,ALGERIA,35.7,-0.6,4
1791,4,15,6.8,RUSSIA,56,163,
1791,5,13,,JAPAN,32.8,130.3,2.5
1791,9,13,6.5,JAPAN,34.5,135.4,1
1791,11,2,7,GREECE,37.8,21,3
1792,1,23,,PORTUGAL,39,-28,
1792,5,21,6.4,JAPAN,32.75,130.3,3
1792,5,21,,HOLLAND,52.37,4.53,
1792,6,13,6.9,JAPAN,43.5,140.6,1
1792,8,9,6,TAIWAN,23.6,120.5,
1792,8,22,8.4,RUSSIA,54,162,2
1792,8,29,,JAPAN,34.5,136.7,0
1792,,,,USA,57,-152,1
1793,2,8,6.9,JAPAN,40.85,139.95,2
1793,2,17,8.3,JAPAN,38.5,144,2
1793,7,17,,UK,50.363,-4.142,
1794,6,11,5.5,GREECE,38.3,22.3,
1795,,,,TRINIDAD AND TOBAGO,10.7,-61.7,
1796,5,29,,USA,54,-167,
1796,11,5,,PHILIPPINES,16,119.5,
1797,2,10,8,INDONESIA,0.001,99,3
1797,11,21,,JAPAN,31.6,130.7,
1798,2,22,,COSTA RICA,10.2,-82.9,
1798,12,17,,FRANCE,43.566,4.183,
1799,1,7,,ICELAND,63.92,-22.695,
1799,6,29,6.4,JAPAN,36.6,136.6,1
1799,,,,INDONESIA,-2,101,1
1799,,,,PERU,-12,-77,1
1800,6,2,,PORTUGAL,,,
1802,1,4,,CROATIA,45.3,14.4,3
1802,3,19,,ANTIGUA AND BARBUDA,17.2,-62.4,
1802,8,10,,UK,,,
1802,8,15,,VENEZUELA,10.3,-64.5,
1802,8,,,INDONESIA,-3.7,128.2,1.5
1802,11,7,,ALGERIA,36.5,2.9,2
1802,12,9,6.6,JAPAN,37.7,138.3,
1804,1,8,,GREECE,38.2,21.8,
1804,1,13,,SPAIN,36.833,-2.833,2
1804,6,8,6.7,GREECE,38.3,21.8,3
1804,7,10,7.3,JAPAN,39.05,139.95,1
1804,7,31,,ITALY,,,3
1805,1,8,,GREECE,,,
1805,5,8,,AUSTRALIA,-29.06,167.95,
1805,7,26,6.6,ITALY,41.5,14.467,2
1806,3,25,,USA,34.4,-119.7,
1806,8,26,,ITALY,41.7,12.7,2
1806,12,1,7.5,PERU,-12.1,-77.1,0.5
1808,4,2,5.7,ITALY,44.833,7.25,2
1808,8,8,6.5,JAPAN,33.9,134.8,0.5
1808,12,4,,JAPAN,,,
1809,7,3,,ITALY,44.8,7.2,3
1809,7,4,,PORTUGAL,,,
1809,12,4,,SOUTH AFRICA,-33.88,18.45,
1809,,,,USA TERRITORY,14,143.3,
1810,2,16,,GREECE,35.5,25,
1810,9,25,6.6,JAPAN,39.9,139.9,0
1810,,,,NEW ZEALAND,,,
1810,,,,NORWAY,69.433,20.15,6
1811,11,19,,CHILE,-33,-71.4,2
1811,12,16,8.5,USA,35.6,-90.4,
1811,12,16,8,USA,35.6,-90.4,
1812,1,23,8.4,USA,36.3,-89.6,
1812,2,7,8.8,USA,36.5,-89.6,
1812,3,26,7.7,VENEZUELA,10.6,-66.9,
1812,6,23,,FRANCE,43.3,5.366,
1812,11,11,,JAMAICA,18,-76.8,
1812,12,21,7.5,USA,34.2,-119.9,1.5
1812,,,,USA,,,
1813,5,17,,ITALY,40.817,14.433,2
1813,,,,USA,,,1
1814,,,,INDONESIA,-10.217,123.633,0
1815,4,10,,INDONESIA,-8.2,118,1.5
1815,4,11,,INDONESIA,-3.7,128.4,
1815,11,22,7,INDONESIA,-8,115,1.5
1816,5,1,,INDONESIA,5,96.5,0
1816,12,20,,JAPAN,,,1
1817,1,1,,GREECE,,,
1817,1,8,,USA,39.95,-75.1,
1817,1,14,,ITALY,37.5,13,3
1817,8,23,6.8,GREECE,38.3,22.1,3
1818,1,,,GREECE,,,
1818,2,20,6,ITALY,37.6,15.133,3
1818,2,23,5.6,ITALY,43.917,8.033,3
1818,3,18,7,INDONESIA,-4,101.5,1.5
1818,11,8,8.5,INDONESIA,-7,117,2
1818,12,9,,ITALY,44.75,10.4,3
1819,1,8,,ITALY,43.7,8,3
1819,4,12,8.5,CHILE,-27,-71.5,2
1819,6,16,7.7,INDIA,23,71,
1819,8,31,5.8,NORWAY,66.416,12.85,
1819,,,,USA TERRITORY,19.67,145.4,1
1820,3,1,,USA,54.52,-164.65,0.5
1820,3,17,6.6,GREECE,38.8,20.8,
1820,5,4,7.6,MEXICO,17.2,-99.6,1.5
1820,7,23,,ITALY,,,3
1820,12,29,6.9,GREECE,37.75,21.25,3
1820,12,29,7.5,INDONESIA,-7,119,3.5
1820,,,6.2,CONGO,-4.5,11.6,
1821,1,6,6.5,GREECE,37.8,21.3,
1821,4,10,,COSTA RICA,10.1,-83.3,
1821,5,,,UK TERRITORY,-15.95,-5.7,
1821,9,3,,USA,38.083,-75.208,
1821,,,,INDONESIA,-8.456,118.723,
1822,3,20,,LEBANON,,,
1822,4,10,,ITALY,37.45,14.25,
1822,5,7,7.6,COSTA RICA,10.1,-83.3,
1822,8,13,7.1,TURKEY,36,36,3
1822,11,20,8.5,CHILE,-33,-72,2
1823,3,5,,ITALY,38.3,14.8,5
1823,5,30,,USA,42.7,-79,
1823,8,20,,CROATIA,,,4
1823,9,9,6.8,INDONESIA,-6.5,108.5,-1.5
1823,10,,,CROATIA,,,
1823,11,30,,MARTINIQUE (FRENCH TERRITORY),14.4,-61,
1824,9,13,,GUADELOUPE (FRENCH TERRITORY),16.7,-62.2,
1824,10,26,,PHILIPPINES,14.25,121.25,1
1824,11,30,,MARTINIQUE (FRENCH TERRITORY),14.4,-61,
1825,1,3,,DENMARK,,,
1825,1,19,6.8,GREECE,38.8,20.7,3
1825,2,26,6.3,COLOMBIA,11.1,-74.1,
1825,3,21,,USA,54.77,-164.18,0.5
1825,4,,,USA TERRITORY,14,143.3,
1825,9,21,,TRINIDAD AND TOBAGO,10.4,-61.3,
1826,1,,,JAPAN,27.07,142.21,
1826,3,18,,ITALY,43.8,13,3
1826,10,22,,USA,55,-165,
1826,,,,NEW ZEALAND,-45.78,166.48,
1827,1,18,,USA,,,
1827,8,8,,USA,,,
1827,8,9,,RUSSIA,53,158.5,1.5
1827,11,16,7,ECUADOR,-1.8,-76.4,
1827,,,,USA,,,
1828,3,30,8.3,PERU,,,
1828,5,26,6.4,JAPAN,32.6,129.9,
1828,10,9,,ITALY,44.8,9.2,3
1828,11,9,7.5,PHILIPPINES,14.55,120.9,0.5
1828,12,18,6.9,JAPAN,,,
1828,12,29,,INDONESIA,,,
1829,5,23,7.3,TURKEY,41.1,24.3,2
1829,9,26,,CHILE,,,
1830,1,10,,HOLLAND,,,
1830,1,18,,PHILIPPINES,14.55,120.9,
1830,9,16,,PHILIPPINES,14.55,120.9,1
1831,5,26,,ITALY,43.8,7.8,3
1831,7,2,,ITALY,37.05,12.3,1
1831,12,3,,TRINIDAD AND TOBAGO,12.4,-61.5,
1831,,,,NEW ZEALAND,-38.7,178,
1832,3,8,,ITALY,39,17,3
1833,1,19,6.4,ALBANIA,40.4,19.9,4
1833,3,10,,MEXICO,16.8,-99.9,0.5
1833,9,6,8,CHINA,25.2,103,
1833,11,24,8.3,INDONESIA,-2.5,100.5,2.5
1833,12,7,7.4,JAPAN,38.9,139.15,2.5
1834,2,9,6.4,JAPAN,43.3,141.4,1
1834,3,14,7,MEXICO,16.8,-99.9,0
1835,2,20,8.2,CHILE,-36.83,-73.03,3
1835,7,12,,GREECE,,,2
1835,7,20,7.6,JAPAN,37.9,141.9,2
1835,8,19,,JAPAN,,,2
1836,1,21,,AUSTRALIA,-43.3,148.9,
1836,3,5,,INDONESIA,-8.3,118.7,0.5
1836,4,24,,ITALY,39.6,16.6,4
1836,7,3,7.5,CHILE,-22.6,-70.3,1
1836,9,5,5.9,JAPAN,37.7,142,1
1836,11,28,7.5,INDONESIA,-8.3,118.7,0.5
1837,1,1,,ISRAEL,33,35.5,4
1837,8,1,,NETHERLANDS,51.44,3.57,
1837,8,2,,USA TERRITORY,,,
1837,8,9,6.5,MEXICO,16.86,-99.88,0
1837,9,29,7.3,INDONESIA,5.5,96,0.5
1837,10,18,7,MEXICO,19.45,-99.15,0
1837,10,,,"MICRONESIA, FED. STATES OF",7.5,146.5,
1837,11,7,8.5,CHILE,-42.5,-74,3
1838,5,7,,CHILE,-36.7,-73.1,
1838,8,10,,CROATIA,45.3,14.5,3
1839,2,12,,CHILE,-33.62,-76.83,
1839,3,,,USA,,,
1839,5,1,7.3,JAPAN,42.5,145,1
1839,,,,NEW ZEALAND,-46.627,169.126,
1840,1,4,7,INDONESIA,-8,110.5,0
1840,1,16,,USA,,,
1840,1,28,,PERU,-12.3,-77.3,0
1840,2,14,,INDONESIA,0.8,127.325,0.5
1840,3,22,6.5,PHILIPPINES,12.9,123.9,1
1840,7,28,,NEW ZEALAND,-36.836,175.692,
1840,8,,,NEW ZEALAND,-37.61,178.35,
1840,11,11,5.2,USA,39.8,-75.2,
1840,,,,USA,,,
1841,5,17,8.4,RUSSIA,52,158,3
1841,11,26,,INDONESIA,-5,130,1.5
1841,12,16,6,INDONESIA,-4,127.5,1.5
1841,,,,PERU,,,
1842,5,7,8.1,HAITI,19.75,-72.2,
1842,11,1,,CANADA,,,
1842,11,11,6,BANGLADESH,24,89.25,
1843,1,5,7.3,INDONESIA,1.5,98,2
1843,2,7,6,INDONESIA,-7.2,114,0
1843,2,8,8.3,GUADELOUPE (FRENCH TERRITORY),16.5,-62.2,
1843,2,17,,GUADELOUPE (FRENCH TERRITORY),15.933,-61.267,
1843,4,25,8.4,JAPAN,42,146,2.5
1843,7,5,,UK,,,
1843,7,8,7.5,NEW ZEALAND,-39.9,175,
1843,9,14,6.5,CROATIA,42.6,18.1,4
1843,10,18,6.5,GREECE,36.3,27.6,4
1844,3,3,,CROATIA,,,3
1844,3,8,,JAPAN,,,1
1844,3,22,,CROATIA,43.4,16.7,2
1845,2,8,7,INDONESIA,1.5,124.85,0
1845,4,7,8,MEXICO,17,-100.6,1.5
1845,6,18,,ITALY,36.4,13.44,
1845,6,19,6.3,INDIA,23.583,68.367,
1845,7,5,,NEW ZEALAND,-39.93,175.05,0.5
1845,8,16,,CROATIA,,,3
1845,9,,,JAPAN,,,0
1845,,,,USA,,,3
1846,1,25,7.3,INDONESIA,2,126.5,0.5
1846,3,,6.9,JAPAN,39.5,142.5,1
1846,5,7,,NEW ZEALAND,-38.96,175.73,
1846,7,25,,TURKEY,,,3
1846,8,14,6.1,ITALY,43.4,10.6,3
1846,8,26,,ITALY,43.5,10.5,4
1846,9,12,,ITALY,,,
1846,9,19,,ITALY,,,
1846,10,4,,ITALY,,,
1846,10,14,,ITALY,,,
1846,10,19,,ITALY,,,
1846,10,24,,ITALY,,,
1846,10,28,,ITALY,,,
1846,11,29,,ITALY,,,
1846,12,3,,ITALY,43.3,10.7,3
1846,,,,TURKEY,,,3
1847,4,15,,ITALY,,,
1847,4,16,,ITALY,,,
1847,4,17,,ITALY,,,
1847,5,23,,PERU,-12.1,-77.1,1.5
1847,8,26,,ITALY,,,2
1847,8,27,,JAPAN,,,1.5
1847,10,19,,CHILE,-31.61,-71.18,
1847,10,31,,INDIA,7.333,93.667,
1848,6,,,RUSSIA,,,
1848,7,12,,FRENCH POLYNESIA,-17.9,-149.9,0.5
1848,9,24,,CANADA,52.616,-55.766,
1848,10,15,7.9,NEW ZEALAND,-41.9,173.6,0.5
1848,10,17,6,NEW ZEALAND,,,0.5
1848,10,18,6,NEW ZEALAND,,,
1849,1,25,7.5,USA TERRITORY,14,143.3,2
1849,9,28,,RUSSIA,55,166,
1849,11,17,7.5,CHILE,-29.95,-71.37,2.5
1850,1,21,,ITALY,,,
1850,5,16,,ITALY,,,
1850,7,20,,JAPAN,39.5,142,0
1850,10,20,,ITALY,,,
1850,,,,NORTHWEST PACIFIC OCEAN,20.6,134.8,
1851,2,28,7.2,GREECE,36.5,28.7,
1851,2,28,7.2,TURKEY,35.5,28.7,3
1851,4,2,7.1,CHILE,,,
1851,4,3,,TURKEY,,,3
1851,5,4,,INDONESIA,-5,105,1.5
1851,5,15,,USA,37.8,-122.4,
1851,5,23,,GREECE,,,2
1851,5,26,7.2,CHILE,-27.35,-70.35,2
1851,7,28,4.1,ITALY,43.75,10.3,2
1851,10,12,6.6,ALBANIA,40.5,19.7,3
1851,11,13,,USA,,,
1851,12,16,,ITALY,,,
1852,1,9,6.5,INDONESIA,-6.5,105.5,0.5
1852,2,2,,ITALY,,,3
1852,5,12,,TURKEY,,,3
1852,6,26,,ITALY,,,
1852,7,17,,CUBA,20,-75.8,
1852,9,8,,TURKEY,,,3
1852,9,16,7.5,PHILIPPINES,14,120.5,1.5
1852,11,10,,ITALY,,,
1852,11,10,,INDONESIA,,,
1852,11,11,6.8,INDONESIA,1.5,98,0
1852,11,16,,INDONESIA,,,
1852,11,19,,INDONESIA,-3.7,128.2,0
1852,11,23,,INDONESIA,,,
1852,11,25,,USA,,,
1852,11,25,8.3,INDONESIA,-5.25,129.75,2.5
1852,11,27,,PERU,-12.1,-77.1,
1852,11,29,7,MEXICO,32.5,-115.5,1
1852,12,4,7,MEXICO,17,-100,0
1852,12,24,7,INDONESIA,-5,130.5,2
1853,4,8,,ITALY,,,
1853,7,15,6.7,VENEZUELA,10.5,-64.2,
1853,8,18,,GREECE,38.25,23.5,3
1853,10,3,,JAPAN,26.2,127.6,1
1853,10,29,,TAIWAN,24,121.83,
1853,11,,,RUSSIA,47,152,2
1853,12,11,,SERBIA AND MONTENEGRO,,,3
1853,12,24,,TONGA,-21.167,-175.167,
1853,,,,USA,58.63,-137.57,4
1854,1,4,6,INDONESIA,-3.5,128.6,0
1854,1,15,,NORTHWEST PACIFIC OCEAN,20.9,134.8,
1854,1,27,,USA,57,-152,0.5
1854,2,29,,FRANCE,,,
1854,5,31,,USA,34.4,-119.7,0
1854,6,27,7,RUSSIA,51,158,2
1854,7,9,,RUSSIA,50.9,155.5,
1854,7,24,,USA,,,-2
1854,8,4,7.2,COSTA RICA,8.5,-83,1.5
1854,8,7,7.2,COSTA RICA,8.5,-83,1.5
1854,8,18,,USA,,,
1854,9,27,,INDONESIA,0.8,127.4,0.5
1854,10,4,,USA,,,
1854,10,22,,USA,37.8,-122.4,0
1854,11,1,,USA,,,
1854,11,10,,USA,,,
1854,12,1,,USA,,,
1854,12,4,,MEXICO,16.8,-99.2,
1854,12,23,8.3,JAPAN,34,137.9,3
1854,12,24,8.4,JAPAN,33.1,135,2.5
1854,12,29,,FRANCE,43.8,7.9,
1855,1,23,8,NEW ZEALAND,-41.25,175,3
1855,2,3,,NEW ZEALAND,-41.93,174.09,
1855,2,11,5.5,NEW ZEALAND,-39.2,177.6,
1855,2,13,,TURKEY,,,3
1855,2,17,,PORTUGAL,,,
1855,3,20,6,USA,40.75,-124.2,0
1855,4,14,,INDONESIA,-9,121,1
1855,5,18,,FRANCE,,,3
1855,7,11,6,USA,34.1,-118.1,0
1855,8,11,,CHILE,-33,-71.7,0
1855,9,25,,HONDURAS,15.91,-85.96,
1855,10,22,,USA,37.8,-122.4,0
1855,11,7,7,JAPAN,34.5,137.6,
1855,11,11,7,JAPAN,35.65,139.8,
1855,12,3,7,JAPAN,32.5,134.5,
1855,,,4.8,CHINA,29.2,108.1,
1856,1,6,,PORTUGAL,,,
1856,2,15,5.5,USA,37.5,-122.3,-1
1856,3,2,,INDONESIA,3.67,125.5,1
1856,3,,,NEW ZEALAND,-44,172,0.5
1856,7,25,,INDONESIA,-8.5,116,0
1856,7,26,,USA,54.6,-165,
1856,8,4,7.5,HONDURAS,16,-88,
1856,8,21,,ALGERIA,37.1,5.7,4
1856,8,22,,ALGERIA,37.1,5.7,4
1856,8,23,8,JAPAN,40.5,143.5,2
1856,9,,,JAPAN,35.6,139.7,0
1856,10,12,8.3,GREECE,35.5,26,3
1856,11,13,6.6,GREECE,38.5,26.25,3
1857,1,6,,SUDAN,4.9,31.7,
1857,4,17,8,PAPUA NEW GUINEA,-5.5,147,1.5
1857,5,13,7,INDONESIA,-8,115.5,2
1857,5,23,,ALGERIA,36.5,1.3,
1857,7,13,6.4,JAPAN,34.8,138.3,
1857,9,17,,TURKEY,40.2,29,
1857,11,17,,INDONESIA,1.35,125.2,1.5
1857,11,18,,INDONESIA,1.35,125.2,0
1858,1,31,,AUSTRALIA,,,
1858,2,21,6.5,GREECE,37.9,22.9,
1858,4,24,6.5,CHILE,-30,-71.4,1
1858,6,5,,UK,51.03,1.61,
1858,8,6,,NEW ZEALAND,,,
1858,9,15,,NEW ZEALAND,,,0.5
1858,9,,,JAPAN,26.2,127.5,
1858,12,13,7.3,INDONESIA,1,126,1.5
1859,6,28,7,INDONESIA,1,126.5,3
1859,7,20,,INDONESIA,-4.6,129.9,0
1859,7,29,7.3,INDONESIA,0.009,125.5,1.5
1859,8,21,6.8,TURKEY,40,26,3
1859,8,25,6.2,EL SALVADOR,13.33,-87.81,1.5
1859,9,24,,USA,,,0
1859,9,25,6.8,INDONESIA,-5.5,130.5,0.5
1859,10,5,7.6,CHILE,-27.35,-70.35,2.5
1859,10,11,,CHILE,,,
1859,10,20,,INDONESIA,-9,111,1
1859,10,20,,GREECE,,,2
1859,10,26,,INDONESIA,,,
1859,11,22,,AUSTRALIA,-40.85,145.32,
1859,12,9,7,EL SALVADOR,13.7,-89.8,1.5
1859,12,17,,INDONESIA,0.9,124.9,0
1859,12,25,,INDONESIA,1.37,125.1,1
1860,1,6,,SPAIN,,,2
1860,3,17,,MEXICO,16.7,-99.2,
1860,4,8,7.5,HAITI,18.52,-73.35,
1860,4,23,,PERU,-12.1,-77.1,0
1860,8,,,INDONESIA,1.3,121,0
1860,10,6,,INDONESIA,-1.25,128.5,0
1860,12,1,,USA,,,1.5
1861,2,16,8.5,INDONESIA,-1,97.5,3
1861,2,21,,INDONESIA,,,
1861,3,9,7,INDONESIA,0.009,98,2
1861,3,20,,CHILE,,,
1861,3,,,INDONESIA,-3.7,128.2,1
1861,4,26,7,INDONESIA,1,97.5,1.5
1861,5,4,,USA,,,
1861,5,5,,USA,,,
1861,6,5,,INDONESIA,-6.3,107.3,1
1861,6,17,6.8,INDONESIA,1,97.5,0.5
1861,9,25,6.5,INDONESIA,-1.5,100,1.5
1861,10,20,7.4,JAPAN,38.5,142,2
1861,12,26,7.3,GREECE,38.2,22.2,4
1862,1,1,,GREECE,38.25,22.25,2
1862,1,28,,USA,,,1
1862,3,4,6,PHILIPPINES,14.5,121,0.5
1862,3,18,,FRANCE,,,
1862,4,8,,INDONESIA,-6.7,108.57,
1862,5,27,5.9,USA,32.7,-117.2,
1862,7,10,6.5,GHANA,7,0.4,
1862,11,24,,ITALY,,,
1863,3,16,,INDONESIA,-6.1,106.7,0
1863,3,22,,GREECE,36.5,28,
1863,6,3,6.5,PHILIPPINES,14.5,121,1
1863,8,17,7.5,VANUATU,-19,168.5,1
1863,9,20,6.4,JAPAN,44.6,141.5,0
1863,,,,CANADA,,,
1864,2,16,,INDONESIA,,,
1864,5,19,,HAITI,18.2,-72.53,
1864,5,23,7.8,INDONESIA,-1,135,1.5
1864,6,27,,CANADA,46.5,-53.7,
1865,1,8,,PERU,-12,-77.1,1.5
1865,3,1,,PERU,,,0.5
1865,3,1,,JAPAN,26.2,127.5,0.5
1865,7,16,,USA,54,-167,
1865,10,4,,USA,37,-122,
1865,10,8,6.3,USA,37.2,-121.9,0.5
1865,10,13,,PHILIPPINES,,,
1865,10,19,6,PHILIPPINES,13.25,123.5,0
1865,11,18,8,TONGA,-19.5,-173.5,3
1865,11,28,,PERU,-12.08,-77,1
1866,1,2,6.5,ALBANIA,40.3,19.4,4
1866,1,6,,ALBANIA,,,3
1866,1,19,6.8,GREECE,,,
1866,1,31,6.1,GREECE,36.4,25.3,
1866,2,2,,GREECE,38.3,26.2,3
1866,2,6,6,GREECE,36,23,4
1866,3,2,6.3,ALBANIA,40.4,19.5,3
1866,3,6,6,GREECE,36.404,25.396,4
1866,3,13,5.5,ALBANIA,,,3
1866,8,9,,AUSTRALIA,-33.8,151.3,-1
1866,8,15,,AUSTRALIA,-33.8,151.3,-1
1866,9,5,,USA,58,-152,
1866,9,12,,USA TERRITORY,-14.214,-169.59,
1866,10,,,GREECE,,,
1866,12,20,,USA,,,
1867,2,4,7.4,GREECE,38.39,20.52,2
1867,3,15,,ITALY,46,8.7,
1867,4,10,,GREECE,,,2
1867,5,7,,NORWAY,58.667,6.167,3
1867,8,5,,AUSTRALIA,-33.8,151.3,-1
1867,9,20,7.1,GREECE,36.4,22.2,4
1867,9,,7.5,VENEZUELA,10.9,-64.1,
1867,10,4,,GREECE,,,
1867,11,18,7.5,USA TERRITORY,18.1,-65.1,
1867,11,19,,GREECE,,,
1867,12,18,7,TAIWAN,25.34,121.91,2
1868,3,17,,USA TERRITORY,18.1,-65.1,
1868,4,3,7.9,USA,19,-155.5,3.5
1868,4,4,,USA,,,
1868,4,10,,USA,,,
1868,4,20,,USA,,,
1868,4,23,,UK,,,
1868,5,15,,USA,55,-161,2.5
1868,5,22,,ITALY,45.7,10.7,
1868,5,25,,MEXICO,16.8,-99.2,
1868,6,13,,USA,,,
1868,8,11,,PERU,,,
1868,8,12,,MEXICO,16.8,-99.9,
1868,8,13,8.5,CHILE,-18.6,-71,3.5
1868,8,13,8.5,VENEZUELA,10.7,-63.1,
1868,8,14,8.5,CHILE,-18.6,-71,
1868,8,19,,INDIA,11.67,92.73,
1868,9,5,,ITALY,37.6,15.133,
1868,9,14,,CHILE,-36.7,-73.2,0.5
1868,10,2,,USA,,,
1868,10,2,,PERU,-17,-72.5,0.5
1868,10,16,,CHILE,-33.1,-71.7,0.5
1868,10,18,7.6,NEW ZEALAND,-40.2,173,
1868,10,21,6.8,USA,37.7,-122.1,0.5
1869,1,4,,NEW ZEALAND,-39.05,174.07,
1869,1,27,,CHILE,-36.6,-73,
1869,2,6,,CHILE,-39.9,-73.4,
1869,2,10,,USA,,,
1869,2,13,,USA,,,0
1869,3,2,,NEW ZEALAND,-42.719,170.961,
1869,3,31,,NEW ZEALAND,-45.09,170.98,
1869,4,22,,PERU,-12.1,-77.1,1
1869,6,1,,USA,,,
1869,6,25,,CHILE,-19.6,-70.2,
1869,7,24,,USA,20,-155,3
1869,8,9,,CHILE,-30,-71.4,1.5
1869,8,11,,AUSTRALIA,-33.8,151.3,-1
1869,8,16,7,PHILIPPINES,12.5,123.5,0
1869,8,19,6.5,PERU,,,
1869,8,21,6.8,CHILE,-21,-70,0
1869,8,24,7.5,CHILE,-19.6,-70.23,1.5
1869,9,9,,GREECE,,,
1869,10,11,5.6,UKRAINE,44.75,35,3
1869,12,28,6.9,GREECE,38.8,20.7,3
1870,4,6,,NEW ZEALAND,-41.29,174.78,
1870,4,29,,NEW ZEALAND,-41.75,171.58,
1870,5,11,7.9,MEXICO,15.4,-96.3,
1870,6,9,,GUADELOUPE (FRENCH TERRITORY),,,
1870,6,24,,EGYPT,32.2,29.6,
1870,7,29,,CROATIA,43.03,16.15,3
1870,8,1,7,GREECE,38.5,22.5,4
1870,8,6,,CROATIA,,,
1870,8,12,,AUSTRALIA,-33.8,151.3,-1
1870,10,28,,ITALY,39.28,16.28,
1870,11,2,,ITALY,,,
1871,1,17,,ITALY,,,4
1871,2,5,,PERU,-13.65,-76.4,1
1871,2,7,,MEXICO,18.2,-94.5,
1871,2,18,,USA,,,
1871,2,20,7,USA,20.7,-157,
1871,3,3,,INDONESIA,2.28,125.425,3.5
1871,3,25,7.5,CHILE,-35,-72.5,0.5
1871,3,,,NEW ZEALAND,-41.75,171.58,
1871,4,30,,PHILIPPINES,9.203,124.673,2
1871,6,18,,USA,40.5,-73.9,
1871,8,20,,CHILE,-33.1,-71.7,0.5
1871,8,21,7,PERU,-13,-77,1
1871,8,25,,INDONESIA,0.5,123,0
1871,8,,,NEW ZEALAND,-42.72,170.96,
1871,9,7,,FRANCE,48.7,-2,
1871,10,5,,CHILE,,,
1871,10,5,,GREECE,,,
1871,12,28,,CHILE,-41.5,-73,0.5
1872,1,10,6.5,PERU,-16.4,-71.5,0
1872,1,13,,USA,,,
1872,1,22,,USA,,,
1872,1,26,6,PHILIPPINES,16,119,1.5
1872,3,14,7.4,JAPAN,34.9,132,1
1872,3,26,7.3,USA,36.7,-118.1,
1872,8,23,,USA,52.2,-168.5,0
1872,8,27,,USA,,,
1872,9,16,,USA,,,0
1872,11,17,,USA,44.183,-68.917,
1872,,,,ICELAND,,,
1872,,,,JAPAN,27.07,142.21,2
1873,7,7,,CHILE,,,
1873,10,13,,PANAMA,8.96,-79.53,
1873,10,25,,GREECE,,,
1873,11,19,,CHILE,-23.6,-70.4,2
1873,11,23,6.7,USA,42,-124,
1873,,,8,PAPUA NEW GUINEA,-5.5,146,2
1874,3,11,,USA TERRITORY,18.1,-65.1,
1874,5,,,USA,58.64,-137.57,
1874,5,,,INDONESIA,,,
1874,5,,,BANGLADESH,22,89,
1875,2,23,,MEXICO,20,-105,
1875,3,18,,ITALY,44.2,12.4,4
1875,3,28,8,NEW CALEDONIA,-20,168.5,2.5
1875,5,10,7,VANUATU,-18.5,168,0.5
1875,10,12,,USA,,,
1875,,,7,PAPUA NEW GUINEA,-6,147,
1876,5,28,6.8,INDONESIA,-3,127.25,-1
1876,10,26,,JAPAN,,,1
1876,12,23,,ITALY,,,
1876,,,,INDIA,,,
1877,2,2,,USA,,,
1877,2,24,,USA,,,0.5
1877,4,16,,USA,35,-120,2
1877,5,4,,USA,,,1
1877,5,10,8.3,CHILE,-21.5,-70.5,3.5
1877,5,14,,PERU,-12.07,-77.15,1
1877,5,15,,CHILE,-21.2,-70.1,
1877,6,15,,CHILE,-19.6,-70.2,
1877,8,23,,CHILE,-20.2,-70.1,0.5
1877,9,2,,CHILE,-33,-71.6,0.5
1877,10,9,,CHILE,-24,-71,0.5
1877,10,11,,COLOMBIA,3.88,-77.08,
1877,12,1,,NEW ZEALAND,-38.02,178.33,
1878,1,10,7.5,VANUATU,-19,168.5,3
1878,1,14,,USA,,,
1878,1,20,,USA,,,1.5
1878,1,23,7.9,CHILE,-19.92,-70.335,
1878,1,27,,PERU,-12,-77,1.5
1878,1,28,,CHILE,-33,-71.6,1.5
1878,2,3,,CHILE,-20.2,-70.1,
1878,2,4,,PERU,-12,-77,
1878,2,4,,PAPUA NEW GUINEA,-4.25,152.25,1
1878,2,11,8,VANUATU,-19,168.5,1.5
1878,2,14,,CHILE,-36.8,-73,0
1878,3,12,,CHILE,-20.2,-70.1,0
1878,4,12,,CHILE,-20.2,-70.1,0.5
1878,4,19,6.7,TURKEY,40.8,20.9,3
1878,6,12,,CHILE,-23.7,-70.4,0
1878,6,30,,CHILE,-18.3,-70.5,0
1878,8,29,,USA,54,-167,1.5
1878,8,,,INDONESIA,,,
1878,8,,,VANUATU,-19,168.5,
1878,9,30,,CHILE,-20.2,-70.2,0.5
1878,10,11,,RUSSIA,,,
1878,11,22,,USA,35.18,-120.731,1.5
1878,11,23,,CHILE,-33,-71.6,0.5
1879,2,4,,ITALY,38.789,15.213,
1879,4,27,,NEW ZEALAND,-42.45,171.21,
1879,7,11,5.9,EGYPT,29,33,
1879,7,29,,CROATIA,,,3
1879,8,8,,CHILE,-33,-71.6,1.5
1879,8,10,,USA,34.227,-118.433,
1879,,,,USA,41.28,-70.08,
1880,4,14,,NORWAY,62.083,7.117,3
1880,4,26,,ITALY,37.27,14.68,
1880,7,18,7.5,PHILIPPINES,16,121.85,0
1880,8,15,7.7,CHILE,-31.62,-71.18,0.5
1880,9,2,,GREECE,,,
1880,9,8,7,NEW ZEALAND,-38.85,178.85,
1880,9,23,,AUSTRALIA,-33.8,151.3,
1880,9,29,6.3,USA,55.8,-155.6,
1880,10,26,6.3,USA,57,-136,0
1880,11,,,JAPAN,36.7,137.3,1
1881,4,3,6.5,GREECE,38.2,26.2,2
1881,4,11,,GREECE,38.2,26.2,
1881,6,29,,NEW ZEALAND,-43.69,172.9,
1881,7,12,,FIJI,-16,179,1
1881,7,14,,CHILE,-20.2,-70.1,1
1881,8,12,,JAMAICA,17.97,-76.8,
1881,10,25,7,JAPAN,43.3,147.3,1.5
1881,10,27,,CHILE,-19.6,-70.2,
1881,11,24,,TONGA,,,
1881,12,15,,GREECE,38.4,21.4,3
1881,12,31,7.9,INDIA,8.52,92.43,
1882,1,,,SRI LANKA,8.567,81.233,
1882,2,23,,CHILE,-33.58,-71.63,
1882,4,13,,NEW ZEALAND,-41.32,175.84,
1882,9,7,7.9,PANAMA,10,-79,1
1882,9,14,,CHILE,-19.6,-70.2,
1882,10,10,7.5,INDONESIA,-4.5,129.9,0.5
1882,12,9,6.2,TAIWAN,24.5,120.5,
1882,,,,CHINA,,,
1883,3,12,,MEXICO,,,2
1883,3,24,,SAMOA,,,1
1883,5,20,,INDONESIA,-6.004,106.781,1
1883,5,31,,INDONESIA,-2.25,106,0
1883,6,27,,GREECE,39.5,20,3
1883,8,27,,INDONESIA,-6.102,105.423,4
1883,10,6,,USA,59.4,-153.4,3
1883,10,10,,INDONESIA,-6.102,105.423,0
1884,1,14,,URUGUAY,-34.917,-56.167,
1884,1,25,,USA,38,-122,
1884,1,,,FIJI,-16,179,
1884,2,,,INDONESIA,-6.102,105.423,0
1884,7,20,6.2,ERITREA,15.7,39.6,
1884,8,10,5.5,USA,40.6,-73.75,
1884,9,19,,USA,42.35,-82.95,
1884,11,5,7.5,PANAMA,7.5,-79,
1884,11,12,,USA,40,-122,-3
1884,11,15,,JAPAN,,,0
1884,12,21,,USA,41.31,-72.92,
1885,1,16,,FRANCE,,,4
1885,1,29,,ALGERIA,,,
1885,4,30,7.3,INDONESIA,-2.5,127.5,0.5
1885,7,29,6.8,INDONESIA,0,99.5,0
1885,8,3,,INDONESIA,1.1,124.3,0
1885,11,12,,CHILE,-20.2,-70.1,0.5
1885,11,19,,USA,,,
1885,11,24,,USA,,,
1885,12,14,,INDONESIA,5.55,95.3,
1886,1,31,,INDONESIA,5.6,95.3,
1886,8,27,7.5,GREECE,37.1,21.5,3
1886,8,29,,CHILE,,,
1886,9,1,7.7,USA,32.9,-80,
1886,12,,,NEW ZEALAND,-43.957,168.616,
1886,,,,BANGLADESH,,,
1887,2,2,,PHILIPPINES,10.7,122.6,
1887,2,5,,USA,19,-155,
1887,2,23,,ITALY,43.7,8.1,3
1887,5,3,8,MEXICO,31,-109,1
1887,5,19,,INDONESIA,5.4,96,
1887,7,8,,USA,,,
1887,9,23,,HAITI,19.7,-74.4,
1887,10,3,6.2,GREECE,38.3,22.8,3
1888,3,13,,PAPUA NEW GUINEA,-5.52,148.121,3.5
1888,3,21,,INDONESIA,5.8,95,
1888,4,23,,NORWAY,63.433,10.383,3
1888,6,5,,URUGUAY,-34.5,-57.9,
1888,6,13,7.5,CHINA,38.5,119,
1888,7,30,,ITALY,,,3
1888,9,9,6.1,GREECE,38.2,22.1,
1889,1,1,,USA,,,
1889,3,8,,TONGA,,,
1889,5,25,6.8,PHILIPPINES,13.5,121,-3
1889,8,16,,INDONESIA,-6.05,105.92,1
1889,9,6,8,INDONESIA,1,126.25,2.5
1889,9,8,,USA,,,
1889,9,8,,INDONESIA,,,
1889,11,23,6,INDONESIA,-7,113.5,1
1889,12,8,,ITALY,42.05,15.5,
1890,7,11,7.2,IRAN,36.6,54.6,
1891,1,15,,ALGERIA,36.5,1.8,
1891,5,19,,INDONESIA,5.4,96,
1891,6,10,,INDONESIA,-0.5,127.5,0.5
1891,6,20,,INDONESIA,-4,129,0
1891,6,22,,NEW ZEALAND,-37.4,174.4,
1891,7,30,,MEXICO,25.5,-103.5,1
1891,9,16,,NEW ZEALAND,-43.51,172.73,
1891,10,5,7,INDONESIA,-9,124,0.5
1891,11,29,,USA,48,-123.5,
1892,1,7,,INDONESIA,,,
1892,3,27,,CHILE,-18.5,-70.35,
1892,5,10,,URUGUAY,-34.917,-56.167,
1892,5,16,7.5,USA TERRITORY,14,143.3,0.5
1892,5,17,,INDONESIA,2.5,99.5,1
1892,6,7,,INDONESIA,3.67,125.5,1
1892,8,30,,TONGA,-19.75,-175.07,
1892,8,,,VANUATU,-15.25,166.83,1.5
1892,11,15,,ITALY,40.54,13,
1892,11,18,7,INDONESIA,-3,127.75,-1
1892,12,9,6.5,JAPAN,37,136.8,0
1893,1,28,,GREECE,,,
1893,2,9,6.5,GREECE,40.5,25.5,3
1893,2,19,,JAMAICA,17.97,-76.8,
1893,4,17,6.4,GREECE,37.7,20.9,
1893,6,4,7,RUSSIA,43.3,147.5,1.5
1893,6,13,6.9,JAPAN,42.5,145.5,1
1893,6,14,7.5,ALBANIA,40.2,19.7,3
1893,6,21,,PHILIPPINES,6.9,125.8,
1893,7,31,6,VANUATU,-17.75,168.3,0
1893,8,27,,VANUATU,-17.75,168.3,0
1894,3,22,7.9,JAPAN,42.5,146,1.5
1894,4,27,7,GREECE,38.7,23.1,4
1894,5,10,,MEXICO,25.4,-108.95,
1894,7,10,6.7,TURKEY,40.6,28.7,3
1894,10,22,7,JAPAN,38.9,139.8,-1
1894,11,16,,ITALY,38.3,15.9,
1894,11,21,,ATLANTIC OCEAN,49,-34.5,
1894,11,28,,USA,47.286,-122.445,
1894,,,,TUNISIA,,,3
1895,1,28,,USA,,,
1895,3,6,7.3,PAPUA NEW GUINEA,-8.4,150.1,2
1895,3,9,,USA,,,
1895,5,25,,JAPAN,33,130,0.5
1895,5,31,,CHILE,-18,-71,
1895,7,8,8.2,TURKMENISTAN,39.5,53.7,
1895,7,9,,NEW ZEALAND,-43.688,172.9,
1895,7,,,USA,,,
1895,8,18,6,NEW ZEALAND,-38.8,176,
1895,9,1,4.3,USA,40.667,-74.883,
1895,10,14,,USA,,,
1895,10,31,6.7,USA,37,-89.4,
1895,11,1,,ITALY,41.7,12.2,3
1896,1,9,7.6,JAPAN,36.5,141,-2.5
1896,2,16,,JAMAICA,17.6,-76.7,
1896,6,15,8.3,JAPAN,39.5,144,3.8
1896,10,10,6.8,INDONESIA,-3.5,102.5,0
1896,10,16,,ITALY,43.7,8.1,2
1896,11,5,,GREECE,,,
1896,12,17,,USA,,,1.5
1896,,,,ICELAND,,,
1897,2,19,7.4,JAPAN,38.1,141.9,
1897,3,15,5.5,INDONESIA,-6.8,120.8,1
1897,3,26,,SOLOMON ISLANDS,-10.38,165.8,
1897,4,17,,USA,,,
1897,4,29,,NEW ZEALAND,-43.6,172.8,
1897,6,12,8.7,INDIA,26,91,
1897,6,20,7,MEXICO,16,-95,
1897,8,5,7.7,JAPAN,38,143.7,1
1897,9,20,8.6,PHILIPPINES,6,122,1
1897,9,21,8.7,PHILIPPINES,6,122,2.5
1897,9,21,,NEW ZEALAND,-41.3,174.8,
1897,10,18,8.1,PHILIPPINES,12,126,1.5
1897,12,29,,DOMINICAN REPUBLIC,18.5,-69.95,
1897,12,,,GREECE,,,
1897,,,,MONTSERRAT,16.72,-62.18,
1898,3,31,6.2,USA,38.2,-122.4,2
1898,4,22,7.2,JAPAN,38.6,142,-3
1898,6,2,7,GREECE,37.6,22.5,
1898,7,23,6.5,CHILE,-36.83,-73.03,
1898,12,3,,GREECE,37.75,21,3
1899,1,15,,PAPUA NEW GUINEA,-3,152,1.5
1899,1,22,6.6,GREECE,37.2,21.6,3
1899,1,29,,AUSTRALIA,-12.4,130.7,
1899,2,3,,PORTUGAL,38.7,-28.2,
1899,8,8,,CHILE,-33,-71.5,
1899,9,4,8.2,USA,60,-142,0
1899,9,10,8.2,USA,60,-140,3
1899,9,29,7.8,INDONESIA,-3,128.5,3
1899,10,7,,JAPAN,35.1,138.75,1
1899,10,19,,PAPUA NEW GUINEA,-5,148,1.5
1899,11,24,7.1,JAPAN,31.9,132,-1
1899,11,25,6.9,JAPAN,32.7,132.3,-2
1899,12,25,6.4,USA,33.8,-118.5,0.5
1900,1,10,,INDONESIA,1.82,127.85,0
1900,8,11,,USA,58.6,-137.5,
1900,9,10,6.8,PAPUA NEW GUINEA,-4,152,
1900,9,17,,PAPUA NEW GUINEA,-5,148,1.5
1900,10,7,6.9,INDONESIA,-4,140,1.5
1900,10,29,8.4,VENEZUELA,11,-66,
1901,3,3,6.7,USA,36,-120.5,
1901,3,31,7.2,BULGARIA,43.4,28.5,
1901,6,15,6,JAPAN,39,143,
1901,6,24,7.5,JAPAN,28,130.3,-1.5
1901,8,9,7.2,JAPAN,40.5,142.5,-0.5
1901,8,9,7.9,NEW CALEDONIA,-22,170,
1901,8,9,7.4,JAPAN,40.6,142.3,-1
1901,8,9,6.3,JAPAN,40.5,142.5,
1901,9,10,7,PHILIPPINES,14,121.6,0
1901,10,8,7,NICARAGUA,11,-86.5,
1901,12,31,7.1,USA,51.45,-171.02,
1902,1,18,6.3,GUATEMALA,14.71,-91.59,
1902,2,26,7,EL SALVADOR,13.5,-89.5,2
1902,4,19,7.5,GUATEMALA,14,-91,
1902,5,5,,MARTINIQUE (FRENCH TERRITORY),14.82,-61.17,
1902,5,7,,SAINT VINCENT AND THE GRENADINES,13.33,-61.18,
1902,5,8,,MARTINIQUE (FRENCH TERRITORY),14.82,-61.17,
1902,5,20,,MARTINIQUE (FRENCH TERRITORY),14.82,-61.17,
1902,7,5,6.6,GREECE,40.75,23.25,2
1902,8,16,,MEXICO,24.6,-107.9,
1902,8,21,7.3,PHILIPPINES,7.5,123.5,2
1902,8,30,,MARTINIQUE (FRENCH TERRITORY),14.82,-61.17,
1902,9,27,,GUATEMALA,14,-91,
1903,2,10,,USA TERRITORY,14,143.3,2
1903,3,30,6.5,INDONESIA,-3,127.5,0
1903,5,13,,ITALY,38.1,13.4,2
1903,7,16,,MEXICO,16.7,-99.2,
1903,8,,,USA,,,
1903,9,7,,TAIWAN,,,0
1903,9,26,,CHILE,-20.2,-70.15,
1903,10,6,,USA,,,
1903,10,8,,USA,,,
1903,11,17,,USA,,,
1903,11,24,,USA,,,
1903,11,29,,USA,,,3
1903,12,7,6.5,CHILE,-28.5,-71,
1904,1,20,7.9,COLOMBIA,7,-79,
1904,2,2,,INDONESIA,1.5,120.8,0.5
1904,3,30,,USA,,,0.5
1904,6,25,8.3,RUSSIA,52,159,2
1904,6,25,8.1,RUSSIA,52,159,
1904,7,5,,INDONESIA,-3.6,128.7,1
1904,8,8,7.2,NEW ZEALAND,-40.4,176.4,
1904,8,25,,NEW ZEALAND,-39.12,177.2,
1904,9,7,,INDONESIA,-7.7,109,0
1904,12,20,7.2,PANAMA,9.2,-82.8,
1904,12,30,,COOK ISLANDS,,,
1905,1,16,,NORWAY,61.866,6.85,
1905,1,20,6.3,GREECE,39.66,22.83,
1905,1,20,6.8,COSTA RICA,9.85,-84.68,
1905,1,,,MEXICO,19,-113,
1905,3,19,,VANUATU,,,
1905,4,4,7.8,INDIA,33,76,
1905,7,4,,USA,60,-139.58,2.5
1905,7,6,7,JAPAN,37.4,142.6,
1905,8,4,,SAMOA,-13.612,-172.525,0.5
1905,9,8,7.9,ITALY,39,16,4
1905,10,4,5.1,RUSSIA,44.5,37.5,2
1905,10,21,7.5,GEORGIA,42,42,
1905,11,22,,VANUATU,-17.7,168.3,
1905,11,24,,VANUATU,-17.7,168.3,
1905,12,8,6.5,PHILIPPINES,11,123.5,0
1905,,,,TUNISIA,37.3,9.9,3
1905,,,,TOGO,,,
1906,1,31,8.8,ECUADOR,1,-81.5,3
1906,1,31,,VENEZUELA,10.5,-66.916,
1906,2,7,,ECUADOR,1,-81,0.5
1906,2,21,,COLOMBIA,3.9,-77.033,
1906,4,4,,ITALY,40.821,14.426,3
1906,4,18,7.9,USA,37.7,-122.5,-4
1906,5,7,,CHILE,-18.5,-70.3,
1906,5,25,,EL SALVADOR,13.25,-88.83,
1906,7,1,,"MARSHALL ISLANDS, REP. OF",,,
1906,8,7,,USA,33.9,-117,
1906,8,17,8.2,CHILE,-33,-72,2
1906,9,14,8,PAPUA NEW GUINEA,-7,149,1.5
1906,10,2,7.2,PAPUA NEW GUINEA,-4,149,1.5
1906,11,6,,USA,,,
1906,11,20,5,GHANA,6.5,0.3,
1906,11,28,,SAMOA,-13.612,-172.525,
1906,12,26,7.9,PERU,-18,-71,
1906,,,,VENEZUELA,10.6,-66.95,
1907,1,4,7.6,INDONESIA,2,94.5,2
1907,1,14,6.5,JAMAICA,18,-76.8,
1907,3,29,7.3,INDONESIA,3,122,2
1907,4,14,8.1,MEXICO,17,-100,
1907,6,8,,SAMOA,-13.612,-172.525,
1907,6,19,,SAMOA,-13.612,-172.525,
1907,6,27,,SAMOA,-13.612,-172.525,
1907,7,9,,SAMOA,-13.612,-172.525,
1907,7,25,,SAMOA,-13.612,-172.525,
1907,7,,,TONGA,-21.38,-175.65,0.5
1907,9,24,5.5,USA,59.5,-135.5,0
1907,10,6,,SAMOA,-13.612,-172.525,
1907,10,23,5.9,ITALY,38.133,16.017,3
1907,12,15,7.4,PAPUA NEW GUINEA,-3.1,142.5,
1908,2,6,7.5,INDONESIA,-2,100,1
1908,2,14,6,USA,61,-146.2,
1908,3,23,6.6,INDONESIA,-10,129,
1908,5,31,6.5,UKRAINE,44,34,
1908,9,11,,CANADA,48.958,-62.133,
1908,9,21,6.8,USA,19,-155,0
1908,12,12,8.2,PERU,-14,-78,
1908,12,28,7,ITALY,38.17,15.58,5
1909,3,7,,COOK ISLANDS,-21,-159,
1909,3,12,6.7,JAPAN,34.5,141.5,
1909,3,13,7.5,JAPAN,34.5,141.5,
1909,6,3,7.6,INDONESIA,-2,101,1
1909,6,8,7.6,CHILE,-26.5,-70.5,
1909,7,8,,VANUATU,-15.5,167.2,
1909,7,30,7.4,MEXICO,16.8,-99.8,
1909,8,14,6.9,JAPAN,35.4,136.3,
1909,9,20,,USA,,,
1909,12,9,8,USA TERRITORY,12.5,145,
1910,2,25,6,PAPUA NEW GUINEA,-4.25,152.25,0
1910,3,20,,NEW ZEALAND,,,
1910,11,5,,USA,64,-165,
1910,11,10,7.2,VANUATU,-14,166.5,
1910,11,21,,USA,,,-1.5
1910,12,18,6.7,INDONESIA,4,127,-1
1910,12,30,6.2,PHILIPPINES,9,125.5,1
1911,1,30,,PHILIPPINES,14.002,120.993,
1911,2,18,6.7,ALBANIA,40.9,20.8,
1911,5,8,,PAPUA NEW GUINEA,-4.25,152.25,0
1911,5,11,6.6,TOGO,6.1,1.2,
1911,6,15,8,JAPAN,28,130,1.5
1911,7,12,7.8,PHILIPPINES,9,126,
1911,9,15,7.3,CHILE,-20,-72,
1911,9,22,6.9,USA,60.5,-149,0.5
1911,11,3,,TRINIDAD AND TOBAGO,10.5,-61.2,
1912,1,24,6.8,GREECE,38.12,20.67,
1912,4,13,,USA,42,-81,
1912,6,8,6.6,JAPAN,40.5,142,0
1912,8,9,7.8,TURKEY,40.5,27.2,
1912,10,31,6.9,"MICRONESIA, FED. STATES OF",7,138,0
1912,12,6,,"MICRONESIA, FED. STATES OF",,,0.5
1913,2,22,6.8,NEW ZEALAND,-41.8,171.5,0.5
1913,3,14,7.8,INDONESIA,5.354,126.121,
1913,6,9,,USA,39.314,-74.525,
1913,7,28,7,PERU,-16.6,-73.3,
1913,8,6,7.9,PERU,-17,-74,
1913,10,11,7,PAPUA NEW GUINEA,-7,148,
1913,12,11,,USA,,,
1914,1,12,7.1,JAPAN,31.58,130.67,-1
1914,1,12,,PERU,-12,-76.6,1.5
1914,1,15,,ITALY,43.5,10.2,2
1914,2,26,7.2,PERU,-17,-72,
1914,3,14,,INDONESIA,,,
1914,5,26,8.1,INDONESIA,-1.829,136.943,2
1914,5,,,CANADA,48.958,-62.133,
1914,6,25,7.6,INDONESIA,-3.924,101.82,
1914,10,6,,NEW ZEALAND,-37.8,178.2,
1914,11,27,6.3,GREECE,38.8,20.6,4
1914,12,3,,INDONESIA,-3.7,128.2,0
1915,1,27,6.6,GREECE,38.4,20.6,
1915,2,11,,USA TERRITORY,-14.18,-169.66,
1915,5,23,,INDONESIA,-3.644,133.695,0
1915,8,7,6.7,GREECE,38.5,20.7,3
1915,8,,,PAPUA NEW GUINEA,,,
1915,9,7,7.9,EL SALVADOR,14,-89,0.5
1915,11,1,7.8,JAPAN,38.3,142.9,0.5
1915,11,6,6,INDONESIA,-1,136,0
1915,11,18,6.4,PHILIPPINES,18,119.5,0.5
1916,1,1,7.9,PAPUA NEW GUINEA,-4.739,152.548,2
1916,1,31,,COSTA RICA,,,
1916,4,26,7,PANAMA,9.6,-82,
1916,7,3,5.1,ITALY,38.817,15.233,4
1916,8,16,5.9,ITALY,43.967,12.667,2
1916,11,12,,VENEZUELA,10.46,-67.77,
1917,1,9,,INDONESIA,1.57,122.72,2
1917,1,20,6.6,INDONESIA,-7,116,
1917,1,25,6.5,CHINA,24.47,118.08,1
1917,1,30,7.8,RUSSIA,56.5,163,
1917,1,31,6.4,PHILIPPINES,6,125,
1917,1,,,INDONESIA,-0.25,104.5,1.5
1917,3,16,,INDONESIA,-3.7,116.6,1
1917,5,1,8,NEW ZEALAND,-29.2,-177,3
1917,5,6,5.8,TAIWAN,23.2,121.6,-0.5
1917,6,26,8.3,SAMOA,-15.5,-173,3
1917,7,29,7.7,PAPUA NEW GUINEA,-3,143.5,1
1917,8,16,,USA,58.204,-134.147,
1917,8,23,,INDONESIA,-3.6,128.7,0.5
1917,9,1,,FRENCH POLYNESIA,,,
1917,11,16,7.5,NEW ZEALAND,-29,-177.5,1
1917,12,6,,CANADA,44.633,-63.583,
1918,2,13,7.5,CHINA,23.5,117.2,-1
1918,5,20,7.9,CHILE,-28.5,-71.5,
1918,7,18,,INDONESIA,3.138,125.491,0
1918,8,14,5.5,CHINA,26.9,103,
1918,8,15,8.3,PHILIPPINES,5.5,123,2.5
1918,9,7,8.2,RUSSIA,45.5,151.5,3
1918,10,11,7.3,USA TERRITORY,18.5,-67.5,
1918,10,25,,USA TERRITORY,18.5,-67.5,
1918,11,8,7.8,RUSSIA,44.5,151.5,2
1918,12,4,7.8,CHILE,-26,-71,2.5
1918,,,,ICELAND,,,
1919,1,1,7.4,PHILIPPINES,8,126,
1919,1,1,8.3,TONGA,-19.6,-176.6,
1919,1,,,USA,,,
1919,2,13,,INDONESIA,-9,124.85,1.5
1919,4,3,,INDONESIA,3.138,125.491,
1919,4,9,,USA,,,
1919,4,29,,TONGA,-19,-172.6,
1919,4,30,8.1,TONGA,-18.352,-172.515,1.5
1919,5,6,7.8,PAPUA NEW GUINEA,-4.852,153.714,1
1919,5,22,,ITALY,38.789,15.213,4
1919,6,29,6.6,NICARAGUA,12.33,-88.291,
1919,8,19,,VENEZUELA,10.6,-71.6,
1919,10,2,,USA,19.23,-155.9,2
1919,10,22,5.6,ITALY,41.4,12.6,
1919,11,21,,INDONESIA,-2.55,140.75,
1919,12,26,,UKRAINE,44,33,
1920,1,29,,INDONESIA,0.87,122.92,1
1920,2,2,7.7,PAPUA NEW GUINEA,-6.5,150,
1920,8,20,7,CHILE,-38,-73.5,1
1920,8,,,USA TERRITORY,-15,-170,
1920,9,20,7.8,VANUATU,-19.919,168.53,
1920,12,16,7.8,CHINA,36.7,104.9,
1920,12,18,5.6,ALBANIA,40.5,19.5,5
1921,5,14,6.2,INDONESIA,0.7,117.9,0.5
1921,8,4,,CHINA,40.13,124.38,
1921,9,11,7.5,INDONESIA,-11,111,-2
1921,11,11,7.5,PHILIPPINES,8,127,1
1921,12,16,,USA,,,0
1922,1,6,7.2,PERU,-16.5,-73,
1922,1,19,7.5,PAPUA NEW GUINEA,-7,143,
1922,2,22,,INDONESIA,-3.3,128.9,0.5
1922,2,27,6.3,PHILIPPINES,10.2,124.1,0
1922,3,1,6,PHILIPPINES,9,123.25,0.5
1922,4,10,,INDONESIA,-1,100.35,0
1922,5,2,,USA,,,
1922,7,8,,INDONESIA,5.5,95.2,0
1922,8,8,5.6,GREECE,37.5,23.2,
1922,9,1,7.6,TAIWAN,24.5,122,
1922,10,22,,AUSTRALIA,,,
1922,11,7,7,CHILE,-28,-72,
1922,11,11,8.7,CHILE,-28.553,-70.755,2.5
1922,12,25,6.3,NEW ZEALAND,-43,173,0
1923,1,22,7.2,USA,40.8,-124.5,
1923,2,3,8.3,RUSSIA,54,161,
1923,2,17,,CHILE,-35.33,-72.42,1.5
1923,3,2,7.2,PHILIPPINES,6.5,124,0.5
1923,3,4,,CHILE,-26.3,-80.1,4
1923,4,13,7.2,RUSSIA,56.5,162.5,3.5
1923,5,4,7,CHILE,-28.75,-71.75,
1923,5,7,,CHILE,,,
1923,6,1,7.3,JAPAN,35.4,141.8,-1.5
1923,7,18,5.5,PHILIPPINES,9.3,125,1
1923,8,6,,USA,40.6,-73.5,
1923,8,12,,CHILE,-18.5,-70.3,
1923,8,,,KOREA,,,1.5
1923,9,1,7.9,JAPAN,35.1,139.5,3
1923,9,2,7.7,JAPAN,34.9,140.2,-1.5
1923,9,4,,USA,,,
1923,11,2,7.2,PAPUA NEW GUINEA,-4.5,151.5,
1923,11,4,7.2,PAPUA NEW GUINEA,-5,152,
1924,3,15,6.8,RUSSIA,49.179,142.436,
1924,4,13,,RUSSIA,,,
1924,4,14,8.3,PHILIPPINES,6.5,126.5,0.5
1924,4,16,,RUSSIA,,,
1924,5,6,6.5,PHILIPPINES,16,118,1.5
1924,5,30,,USA,,,2
1924,6,2,,PHILIPPINES,,,
1924,6,26,7.8,AUSTRALIA,-56,157.5,
1924,7,19,,NEW ZEALAND,-43.95,-176.567,1
1924,8,8,,USA,40.567,-73.983,
1924,8,28,,ICELAND,64.15,-21.95,
1924,8,30,7.3,PHILIPPINES,8.5,126.5,0.5
1925,1,8,,INDONESIA,-8,115,0
1925,2,23,6,USA,60,-146,1
1925,5,4,,MEXICO,14.583,-106.1,
1925,5,5,6.8,PHILIPPINES,9.3,122.7,0.5
1925,5,11,,ITALY,,,
1925,5,15,7.1,CHILE,-26,-71.5,
1925,5,25,6.3,PHILIPPINES,12.2,122.1,0.5
1925,10,4,,USA,,,-3.5
1925,11,13,7.3,PHILIPPINES,13,125,0.5
1925,11,16,7,MEXICO,18.5,-107,3
1925,11,25,,PHILIPPINES,,,
1925,12,22,,"MICRONESIA, FED. STATES OF",10,138,1.5
1926,1,9,,USA,44.233,-68.35,
1926,1,25,7.4,SOLOMON ISLANDS,-9,159.5,
1926,3,20,,USA,20.5,-155.5,
1926,3,31,,COOK ISLANDS,,,2.5
1926,6,28,5.8,INDONESIA,-0.7,100.6,
1926,7,30,,UK,49.21,-2.131,
1926,7,,,SOUTH KOREA,35,128,1.5
1926,8,17,5.3,ITALY,38.567,14.833,3
1926,8,22,,PORTUGAL,38.3,-28.4,
1926,8,30,7.2,GREECE,36.5,23.3,
1926,9,16,6.9,SOLOMON ISLANDS,-9.674,159.519,1.5
1926,12,9,6,CHILE,-28,-71,0.5
1926,12,19,,PORTUGAL,,,
1927,1,1,5.7,USA,32.5,-115.5,1
1927,1,24,5.1,NORWAY,59,3,
1927,3,7,7.6,JAPAN,35.6,135.1,0.5
1927,6,26,6,UKRAINE,44.4,34.4,2
1927,7,11,6.3,ISRAEL,32,35.5,
1927,8,5,6.9,JAPAN,37.9,142,
1927,8,18,6.4,JAPAN,34.2,142,
1927,9,6,,MEXICO,17,-104,
1927,9,11,6.8,UKRAINE,44.4,34.5,2
1927,10,12,,USA,,,
1927,10,24,7.1,USA,57.69,-136.07,
1927,11,4,7.3,USA,34.813,-120.774,1
1927,11,21,7.1,CHILE,-44.6,-73,2
1927,12,1,6.3,INDONESIA,-0.7,119.7,3
1927,12,28,7.5,RUSSIA,55.663,160.039,
1927,,,,NEW ZEALAND,-38.37,178.31,
1928,2,9,5.8,CANADA,49,-125,0
1928,3,22,7.7,MEXICO,15.67,-96.1,
1928,3,26,,INDONESIA,-6.102,105.423,
1928,3,31,6.5,GREECE,38.1,27.4,2
1928,3,31,,CHILE,-23.7,-70.4,2
1928,4,9,6.9,PERU,-13,-69.6,1
1928,4,22,6,GREECE,38,23,3
1928,4,24,5,GREECE,38,23.5,3
1928,4,25,5.2,GREECE,38,23,
1928,4,27,6.8,PERU,-13,-69.5,
1928,4,27,,GREECE,,,
1928,5,2,6.2,GREECE,39.6,29.1,
1928,5,3,4.3,TURKEY,40.8,26.8,2
1928,5,18,,TONGA,-19.83,-174.36,0.5
1928,5,27,7,JAPAN,40,143.2,-2
1928,5,30,,JAPAN,43.062,141.354,
1928,6,15,7,PHILIPPINES,12.4,120.9,0.5
1928,6,17,7.7,MEXICO,16.028,-97.036,1
1928,7,18,7,PERU,-5.5,-79,
1928,8,4,,INDONESIA,-8.32,121.708,3
1928,9,13,,VENEZUELA,,,
1928,11,20,7.1,CHILE,-22.5,-70.5,
1928,12,1,7.6,CHILE,-35,-72,0.5
1928,12,19,7.3,PHILIPPINES,7,124,1
1928,,,,CANADA,48.967,-58,
1929,1,17,6.9,VENEZUELA,10.6,-65.6,
1929,3,7,7.8,USA,50.88,-169.71,
1929,5,21,7.1,JAPAN,31.7,132.2,
1929,5,26,7,CANADA,51,-131,0
1929,6,13,7.2,PHILIPPINES,8.5,127,0.5
1929,6,16,7.5,NEW ZEALAND,-41.75,172.25,1.5
1929,8,9,,CHILE,-23.7,-70.4,2.5
1929,8,12,,USA,42.9,-78.3,
1929,11,9,,INDONESIA,4.633,95.567,
1929,11,18,7.3,CANADA,44.69,-56,
1930,1,3,5.5,CHINA,32.2,119.4,
1930,2,16,,SPAIN,36,-3,
1930,2,,,USA,,,
1930,3,17,,INDONESIA,-6.102,105.423,
1930,5,2,,NORWAY,63.317,9.85,3
1930,5,5,7.3,MYANMAR (BURMA),17.3,96.5,
1930,6,19,6,INDONESIA,-5.6,105.3,
1930,7,19,6.5,INDONESIA,-9.3,114.3,
1930,8,31,5.2,USA,34.03,-118.643,-0.5
1930,9,11,,ITALY,38.789,15.213,3
1930,9,11,,INDONESIA,1.2,124.57,0
1930,9,30,6.6,PAPUA NEW GUINEA,-4.423,145.46,
1930,10,30,5.9,ITALY,43.667,13.267,4
1930,11,5,,KENYA,-4.05,39.667,
1930,12,23,6.5,PAPUA NEW GUINEA,-1.3,144.3,1.5
1930,12,29,6,CHILE,-28.5,-71,0.5
1931,2,2,7.7,NEW ZEALAND,-39.772,176.025,0
1931,2,13,7.1,NEW ZEALAND,-39.5,177,0
1931,2,19,,NEW ZEALAND,-39.5,177,
1931,3,9,7.6,JAPAN,41.2,142.5,-1
1931,3,18,7.1,CHILE,-32.5,-72,
1931,6,7,6,UK,54,1.067,
1931,8,7,7,PAPUA NEW GUINEA,-3.417,142.077,
1931,8,19,,USA,39.35,-74.417,
1931,8,31,,PORTUGAL,38.4,-27.1,
1931,9,25,7.4,INDONESIA,-5,102.75,
1931,10,3,7.8,SOLOMON ISLANDS,-10.932,161.016,2.5
1931,11,2,7.1,JAPAN,32.2,132.1,
1931,12,1,,CUBA,22.8,-80.4,
1932,2,3,6.7,CUBA,20,-75.8,
1932,5,7,,ITALY,,,
1932,6,3,8.1,MEXICO,19.5,-104.25,2
1932,6,18,7.9,MEXICO,19.452,-103.632,0.5
1932,6,22,7,MEXICO,19,-104.5,1.5
1932,6,29,,MEXICO,,,
1932,9,9,6.2,INDONESIA,-3.57,128.35,0
1932,9,15,6.8,NEW ZEALAND,-39,177.5,0
1932,9,26,6.9,GREECE,40.5,23.9,3
1932,11,4,,VENEZUELA,10.5,-64.2,
1932,11,10,,USA,,,
1933,1,8,6,RUSSIA,49.12,154.508,2
1933,2,23,7.6,CHILE,-20,-71,
1933,3,2,8.4,JAPAN,39.224,144.622,3.5
1933,3,11,6.3,USA,33.616,-117.966,-3
1933,4,23,6.4,GREECE,36.8,27.2,
1933,5,19,,TOGO,6.9,0.6,
1933,6,18,7.1,JAPAN,38.1,142.4,
1933,10,2,6.9,ECUADOR,-2,-81,1.5
1933,12,12,,PAPUA NEW GUINEA,-5,151,
1933,12,25,,PHILIPPINES,12.77,124.05,1
1934,1,15,8,NEPAL,26.773,86.76,
1934,2,14,7.9,PHILIPPINES,17.5,119,0.5
1934,4,7,,NORWAY,62.228,7.417,
1934,6,3,,ICELAND,66,-18.25,
1934,7,18,7.7,PANAMA,8,-82.5,1.5
1934,7,18,7.8,SOLOMON ISLANDS,-11.907,166.731,
1934,7,21,7.2,SOLOMON ISLANDS,-11.139,165.503,
1934,8,21,,USA,33.7,-118.2,3
1934,11,30,7,MEXICO,18.5,-105.5,
1934,12,4,6.9,CHILE,-19.5,-69.5,
1934,12,12,,PAPUA NEW GUINEA,-4.2,152.2,
1935,5,30,7.5,PAKISTAN,29.5,66.8,
1935,7,19,6.5,JAPAN,36.6,141.4,
1935,9,20,7.8,PAPUA NEW GUINEA,-3.824,141.416,
1935,10,12,7.2,JAPAN,39.9,143.7,-1
1935,10,18,7,JAPAN,40.7,144.3,-2
1935,11,21,,USA,19.5,-155.5,2
1935,11,25,6.5,INDONESIA,5.5,94,
1935,12,18,6,CHINA,28.7,103.6,
1935,12,28,7.9,INDONESIA,0.001,98.25,
1936,2,2,,NEW ZEALAND,,,
1936,2,25,,NAURU,-0.5,166.9,
1936,4,1,7.7,INDONESIA,4.5,126.5,2
1936,7,13,7.3,CHILE,-24.5,-70,0.5
1936,8,23,7.3,INDONESIA,6.1,94.7,
1936,9,13,,NORWAY,61.87,6.851,
1936,10,27,,USA,58.6,-137.1,4
1936,11,2,7.7,JAPAN,38.2,142.2,
1936,11,13,7.3,RUSSIA,55.2,164,2
1937,5,29,,PAPUA NEW GUINEA,-4.271,152.203,1.5
1937,8,20,7.5,PHILIPPINES,14.5,121.5,1
1937,9,21,5.7,RUSSIA,56,162.5,1
1937,9,21,5.8,USA,58,-165,1
1937,9,22,5.8,RUSSIA,58,165,
1937,11,6,6,INDONESIA,-3,132.3,
1938,1,28,,CONGO,-1.408,29.2,
1938,2,1,8.5,INDONESIA,-5.25,130.5,1.5
1938,2,13,6,INDONESIA,-3,132.3,-0.5
1938,3,6,,PAPUA NEW GUINEA,-5.1,153.1,
1938,3,22,6.3,CANADA,52.2,-131.9,
1938,3,,,NORWAY,62.333,6.967,2
1938,5,12,7.5,PAPUA NEW GUINEA,-6,147.8,
1938,5,19,7.6,INDONESIA,-1,120,
1938,5,23,7.1,JAPAN,36.7,141.4,
1938,5,28,6.1,JAPAN,43.6,144.3,
1938,6,10,7.6,JAPAN,25.321,125.115,0
1938,9,21,,USA,39.95,-74.12,
1938,11,5,7.7,JAPAN,37.1,141.7,-0.5
1938,11,5,7.6,JAPAN,37.2,141.7,-0.5
1938,11,6,7.5,JAPAN,37.5,141.8,-0.5
1938,11,6,7.1,JAPAN,37,141.7,-0.5
1938,11,9,6.5,JAPAN,37.6,141.2,
1938,11,10,8.2,USA,55.48,-158.37,
1938,11,13,6,JAPAN,37,141.5,-1.5
1938,11,16,6.9,JAPAN,37.4,141.6,
1938,11,22,6.9,JAPAN,36.7,142.1,-2.5
1938,11,30,7,JAPAN,37,142.2,-3
1939,1,25,8.3,CHILE,-36.25,-72.25,
1939,1,27,,ITALY,38.5,14.7,2
1939,1,30,7.7,PAPUA NEW GUINEA,-7.08,155.386,1
1939,3,20,6.6,JAPAN,32.3,132,0
1939,4,18,7.4,CHILE,-27,-70.5,
1939,4,30,7.9,SOLOMON ISLANDS,-9.295,159.234,1.5
1939,5,1,7,JAPAN,40.1,139.5,0
1939,5,6,6.5,PHILIPPINES,13.5,121.25,0.5
1939,5,8,6.5,PORTUGAL,37.053,-24.427,1
1939,6,22,6.4,GHANA,5.18,-0.13,
1939,8,15,5.6,CUBA,22.2,-79.1,
1939,12,21,8,INDONESIA,0,123,
1939,12,26,7.7,TURKEY,39.77,39.533,4
1940,1,15,5.1,ITALY,38.067,13.467,3
1940,5,24,8.2,PERU,-10.5,-77,1.5
1940,8,1,7.5,JAPAN,44.2,139.5,1.5
1940,8,31,,NORWAY,65.883,13.167,2
1940,10,4,7.3,CHILE,-22,-71,
1940,10,11,7,CHILE,-41.5,-74.5,
1941,1,13,7.4,PAPUA NEW GUINEA,-4.175,152.071,-2.5
1941,2,9,6.6,USA,40.5,-125.25,
1941,3,16,,ITALY,38.3,12.2,2
1941,6,26,7.6,INDIA,12.5,92.5,
1941,11,18,7.4,JAPAN,32,132.1,0
1941,11,25,8.3,ATLANTIC OCEAN,37.417,-18.983,2
1941,12,5,7.6,COSTA RICA,8.7,-83.2,-3
1941,12,6,6.9,COSTA RICA,8.5,-84,-4
1942,5,22,5.8,COLOMBIA,4.6,-74.5,1
1942,8,24,8.2,PERU,-15,-76,1
1943,4,6,8.2,CHILE,-30.75,-72,
1943,6,13,7.1,JAPAN,41.2,143.3,-0.5
1944,4,9,,USA,,,
1944,8,20,,ITALY,38.789,15.213,4
1944,9,14,,USA,38.933,-74.9,
1944,12,7,8.1,JAPAN,34,137.1,2.5
1944,,,,USA,40.3,-74,
1945,1,12,7.1,JAPAN,34.7,137.2,-0.5
1945,2,10,7.3,JAPAN,40.9,142.1,-1.5
1945,11,27,8,PAKISTAN,24.5,63,
1946,4,1,8.6,USA,53.492,-162.832,4
1946,6,23,7.3,CANADA,49.87,-124.92,2
1946,8,2,7.9,CHILE,-26.5,-70.5,9
1946,8,4,7.9,DOMINICAN REPUBLIC,19.25,-69,
1946,8,8,7.5,DOMINICAN REPUBLIC,19.5,-69.5,
1946,9,30,7,PERU,-14,-76.25,
1946,11,1,7,USA,51.5,-174.5,
1946,11,13,,RUSSIA,48.1,153.1,
1946,12,20,8.1,JAPAN,33,135.6,2.5
1947,1,,,USA,,,0
1947,3,25,7.1,NEW ZEALAND,-38.85,178.87,3
1947,5,17,6.9,NEW ZEALAND,-38.42,178.88,
1947,10,6,6.9,GREECE,37,22,2
1947,11,4,7,JAPAN,43.8,141,1
1948,1,24,8.3,PHILIPPINES,10.5,122,1.5
1948,2,9,7.1,GREECE,35.5,27.2,4
1948,4,17,7.2,JAPAN,33.1,135.6,-1
1948,4,22,6.5,GREECE,38.532,20.427,4
1948,6,1,6.3,INDONESIA,6,95,0
1948,9,8,7.8,TONGA,-21,-174,1.5
1948,12,3,6.9,MEXICO,22,-106,1.5
1948,12,26,7,CHILE,-22.5,-69,0
1949,1,27,5.9,RUSSIA,54.6,163.5,
1949,2,9,,GREECE,38.2,20,
1949,4,13,7,USA,47.167,-122.617,
1949,4,16,,USA,,,
1949,4,20,7.3,CHILE,-38,-73.5,
1949,5,9,6.7,INDONESIA,5,95,
1949,7,23,6.7,GREECE,38.58,26.23,2
1949,7,27,,USA,,,
1949,8,22,8.1,CANADA,53.6,-133.3,
1949,9,5,6.4,PHILIPPINES,17,121.5,-4
1949,9,27,6.7,USA,59.75,-149,
1949,10,19,7.5,PAPUA NEW GUINEA,-5.5,154,-1
1949,12,17,7.8,CHILE,-54,-71,
1949,12,17,7.8,CHILE,-54,-71,
1949,12,29,7.2,PHILIPPINES,17,121.63,1.5
1950,1,30,7,CHILE,-53.5,-71.5,
1950,3,14,5.8,NEW ZEALAND,-37.8,177.2,0
1950,4,30,,PANAMA,6.5,-83,
1950,8,3,6.8,VENEZUELA,10.5,-68,
1950,8,15,8.6,INDIA,28.5,96.5,
1950,10,5,7.7,COSTA RICA,11,-85,-2
1950,10,8,7.6,INDONESIA,-3.8,128.3,2
1950,10,8,,NORWAY,63.433,10.383,
1950,10,23,7.5,GUATEMALA,14.31,-91.917,-1
1950,11,8,7.3,SOLOMON ISLANDS,-10,159.5,
1950,12,10,7,PERU,-14.25,-77.75,0
1950,12,14,7.5,MEXICO,16.48,-98.22,
1951,2,22,,PAPUA NEW GUINEA,-3.7,142.2,
1951,2,23,,USA,,,
1951,8,3,6,NICARAGUA,13,-87.5,
1951,8,21,6.9,USA,19.5,-156,0.5
1951,10,22,7.3,TAIWAN,23.8,121.7,
1951,12,21,6.3,CHINA,26.7,100,
1951,12,22,,SOLOMON ISLANDS,-9.02,157.95,
1952,1,9,,NORWAY,64.883,12.417,2
1952,3,4,8.1,JAPAN,42.15,143.85,2
1952,3,9,7,JAPAN,41.7,143.6,-2
1952,3,17,4.5,USA,19.1,-155,0
1952,3,19,7.8,PHILIPPINES,9.5,127.25,
1952,4,10,,USA,,,
1952,5,6,,USA,43.1,-82.4,
1952,5,13,6.9,COSTA RICA,10.3,-85.3,-3
1952,7,13,6.8,VANUATU,-18.5,169.25,
1952,9,16,,JAPAN,32.1,139.85,-1
1952,9,23,,JAPAN,32.1,139.85,-1
1952,9,24,,JAPAN,32.1,139.85,
1952,9,26,,JAPAN,32.1,139.85,-1
1952,10,13,,USA,,,
1952,11,4,9,RUSSIA,52.755,160.057,4
1953,2,14,,USA,,,
1953,2,15,5.5,PERU,-12,-77.5,
1953,2,16,,USA,,,
1953,3,11,,JAPAN,32.1,139.85,-1
1953,3,17,5.8,RUSSIA,50,156.5,
1953,3,25,,JAPAN,32.1,139.85,-1
1953,4,23,7.4,PAPUA NEW GUINEA,-4.449,152.868,0
1953,5,6,7.6,CHILE,-36.5,-72.5,
1953,5,31,7.2,DOMINICAN REPUBLIC,19.8,-70.7,
1953,6,27,,PAPUA NEW GUINEA,-2.4,147.4,1
1953,8,12,7.2,GREECE,38.3,20.8,
1953,8,19,,USA,,,
1953,9,10,6.5,CYPRUS,35,32.5,
1953,9,14,6.4,FIJI,-18.3,178.2,1
1953,11,25,7.4,JAPAN,34,141.7,1.5
1953,12,12,7.4,PERU,-3.4,-80.6,0.5
1954,2,11,7.3,CHINA,,,
1954,2,,,ITALY,38.789,15.213,4
1954,6,26,,USA,41.7,-86.883,
1954,9,9,6.7,ALGERIA,36.283,1.467,
1954,10,,,GREENLAND,67.47,-32.283,
1954,11,18,6.1,JAPAN,38.9,142.2,-1
1955,1,18,5.5,VENEZUELA,11.46,-69.57,
1955,4,19,6.2,GREECE,39.4,23.1,
1955,4,19,7.1,CHILE,-30,-72,1
1955,5,17,7.3,INDIA,6.5,94,
1955,9,8,6.5,PAPUA NEW GUINEA,-6.9,155.7,
1955,9,23,6.8,CHINA,26.6,101.8,
1956,1,8,7.1,CHILE,-19,-70,
1956,3,2,5.3,NEW ZEALAND,-38.9,175.8,
1956,3,5,6.3,JAPAN,44.3,144.1,-2
1956,3,30,,RUSSIA,55.978,160.587,
1956,7,9,7.8,GREECE,36.9,26,5
1956,7,9,6.8,GREECE,36.8,25.5,
1956,8,12,6.5,JAPAN,33.8,138.8,-1
1956,11,2,5.8,GREECE,39.5,23,2
1956,12,18,7,CHILE,-25.5,-71,
1957,3,9,8.6,USA,51.292,-175.629,3
1957,6,22,7.3,INDONESIA,-1.5,137,
1957,7,28,7.9,MEXICO,16.5,-99.1,0.5
1957,7,29,7,CHILE,-23.5,-71.5,
1957,9,26,5.5,INDONESIA,-8.2,107.3,
1957,10,26,6,INDONESIA,-2,116,0
1957,11,1,,USA,,,-3
1957,11,,,SOLOMON ISLANDS,-8.57,160.72,
1958,1,19,7.6,ECUADOR,1.5,-79.5,2
1958,2,7,6.2,CHINA,31.5,105,
1958,4,9,,PERU,,,1.5
1958,4,21,6.5,INDONESIA,-4.5,104,0.5
1958,7,10,7.8,USA,58.37,-136.665,5
1958,9,17,5,RUSSIA,48.6,156.1,-1
1958,10,7,,VANUATU,-16.829,168.536,0
1958,11,4,6.1,PACIFIC OCEAN,-50,-115,
1958,11,6,8.3,RUSSIA,44.53,148.54,2.5
1958,11,12,7,RUSSIA,44.2,148.8,-1
1959,1,22,6.8,JAPAN,37.5,142.2,-2
1959,2,7,7.4,PERU,-4,-81.5,-2
1959,2,23,,GREECE,40.63,22.97,3
1959,4,9,5,RUSSIA,44.3,149,-2
1959,5,4,8.2,RUSSIA,52.5,159.5,1
1959,5,7,,NORWAY,69.817,20.917,4
1959,8,17,7.3,SOLOMON ISLANDS,-7.5,156,
1959,8,18,7.5,USA,44.712,-111.215,
1959,10,26,6.7,JAPAN,37.5,143.2,-4
1960,1,13,7.8,PERU,-15.75,-72.75,3
1960,2,29,6.8,MOROCCO,30.5,-9.5,
1960,3,20,7.5,JAPAN,39.8,143.4,-2
1960,3,23,6.7,JAPAN,39.4,143.7,-2.5
1960,5,21,8.2,CHILE,-37.872,-73.243,-1
1960,5,22,9.5,CHILE,-38.143,-73.407,4
1960,5,24,6.7,CHILE,,,
1960,6,11,6.6,PAPUA NEW GUINEA,-9.4,152.3,0
1960,7,29,6.7,JAPAN,40.3,142.5,-3
1960,11,1,7.4,CHILE,-38.5,-75.1,
1960,11,20,6.8,PERU,-6.8,-80.7,4
1961,1,16,6.8,JAPAN,36,142.3,-2
1961,1,16,6.4,JAPAN,36,141.9,-2
1961,1,16,6.5,JAPAN,36.2,141.9,-2
1961,2,12,6.6,RUSSIA,43.2,147.9,-0.5
1961,2,26,7.6,JAPAN,31.6,131.8,-0.5
1961,3,18,,SOLOMON ISLANDS,-9.43,159.95,
1961,5,23,6.5,TURKEY,36.7,28.5,
1961,6,6,,ITALY,,,2
1961,6,16,6.5,COLOMBIA,8.9,-73.4,
1961,7,18,6.6,JAPAN,29.6,131.8,-3
1961,7,23,7.3,VANUATU,-18.421,168.411,-0.5
1961,8,1,6.4,SOLOMON ISLANDS,-9.849,160.614,
1961,8,11,7,JAPAN,42.9,145.6,-4
1961,10,18,6.5,CHILE,-36.7,-73,
1961,11,15,6.9,JAPAN,42.7,145.7,-3.5
1962,1,11,6.1,CROATIA,43.3,17.1,
1962,3,12,6.8,PANAMA,8.008,-82.757,
1962,4,12,7.2,JAPAN,38.073,142.741,-2
1962,4,23,7,JAPAN,42.2,143.9,-3.5
1962,5,11,7,MEXICO,17.2,-99.6,0
1962,5,19,7.2,MEXICO,17.2,-99.5,
1962,5,21,5.7,JAPAN,41.8,142.4,-2
1962,5,28,4.5,GREECE,39.8,25,
1962,12,21,6.5,USA,52.47,-168.54,
1963,2,7,,GREECE,38.31,22.02,5
1963,2,13,7.3,TAIWAN,24.4,122.1,-2
1963,3,28,,CANADA,54,-132.25,
1963,3,30,,INDONESIA,8.342,115.508,2
1963,9,18,6.1,TURKEY,40.75,29,3
1963,9,24,7,PERU,-10.385,-78.022,
1963,10,9,,ITALY,46.267,12.329,
1963,10,12,7.1,RUSSIA,44.426,149.272,-2
1963,10,13,8.5,RUSSIA,44.772,149.798,2.5
1963,10,20,7.9,RUSSIA,44.772,150.563,3
1963,12,16,6.6,INDONESIA,-6.4,105.4,0
1963,12,18,7.2,TONGA,-24.8,-176.6,0.5
1964,3,20,,USA,,,
1964,3,28,9.2,USA,61.017,-147.648,3.5
1964,4,2,7,INDONESIA,5.8,95.4,0
1964,5,7,6.9,JAPAN,40.3,139,0
1964,5,7,6.6,JAPAN,40.4,139,-3
1964,5,19,,USA,40.8,-73.1,
1964,6,16,7.5,JAPAN,38.65,139.2,2
1964,7,24,6.8,RUSSIA,47.159,153.876,-2
1964,11,17,7.6,PAPUA NEW GUINEA,-5.7,150.7,
1964,12,10,6.3,JAPAN,40.4,138.9,-3
1965,1,24,7.6,INDONESIA,-2.4,126.1,2
1965,2,4,8.7,USA,51.29,178.55,2.5
1965,2,19,,CHILE,-41.755,-72.396,
1965,2,23,7,CHILE,-25.67,-70.63,
1965,3,9,6.3,GREECE,39.4,24,
1965,3,22,6,CHILE,-31.81,-71.26,
1965,3,30,7.6,USA,50.32,177.93,-1
1965,4,19,6,JAPAN,34.9,139,-4
1965,6,11,7.2,RUSSIA,44.7,148.7,-3
1965,7,2,6.5,USA,53.03,-167.55,-2
1965,7,6,6.3,GREECE,38.267,22.3,2
1965,8,11,7,VANUATU,-15.8,167.2,2.5
1965,8,13,7.3,VANUATU,-15.9,166.8,1
1965,8,23,7.8,MEXICO,16.3,-95.8,
1965,9,28,,PHILIPPINES,14.002,120.993,
1965,10,3,6.5,CHILE,-42.9,-75.13,
1966,3,12,7.6,TAIWAN,24.1,122.6,0
1966,5,8,,NORWAY,59.6,10.633,3
1966,6,15,7.1,SOLOMON ISLANDS,-10.343,160.883,1
1966,7,12,5.5,RUSSIA,44.75,37,1
1966,10,17,8.1,PERU,-10.748,-78.638,1.5
1966,11,28,,SOLOMON ISLANDS,-10.28,166.23,-0.5
1966,12,28,7.8,CHILE,-25.5,-70.7,0.5
1966,12,31,7.8,SOLOMON ISLANDS,-11.893,166.445,1
1966,12,31,7.2,SOLOMON ISLANDS,-12.334,166.684,0
1966,,,,SOLOMON ISLANDS,-10.38,165.8,
1967,3,19,7,RUSSIA,45.53,151.11,
1967,4,11,5.5,INDONESIA,-3.7,119.3,1
1967,4,12,6.1,INDONESIA,5.5,97.3,1.5
1967,7,29,6.5,VENEZUELA,10.6,-67.3,
1967,8,13,6.4,PAPUA NEW GUINEA,-4.4,152.5,
1967,9,3,7,PERU,-10.6,-79.8,-1.5
1967,11,15,5.9,CHILE,-28.78,-71.19,
1967,12,4,,ANTARCTICA,-63,-60.5,0
1967,12,4,,USA TERRITORY,,,
1967,12,21,7.5,CHILE,-21.7,-69.5,0
1968,1,29,7.3,RUSSIA,43.586,146.701,-1
1968,2,19,7.2,GREECE,39.368,24.957,3
1968,4,1,7.5,JAPAN,32.3,132.5,1
1968,4,18,4.6,ITALY,44.08,8,2
1968,5,4,,CHILE,-27.15,-109.45,
1968,5,16,8.2,JAPAN,40.8,143.2,2
1968,5,16,7.5,JAPAN,41.5,142.7,-0.5
1968,6,12,7.2,JAPAN,39.4,143.1,0
1968,7,25,7.3,NEW ZEALAND,-30.8,-178.4,
1968,8,1,7.3,PHILIPPINES,16.5,122.2,
1968,8,5,6.5,JAPAN,33.3,132.2,0
1968,8,10,7.6,INDONESIA,1.4,126.2,1
1968,8,14,7.8,INDONESIA,0.2,119.8,2.5
1968,9,3,6.6,TURKEY,41.8,32.3,
1968,9,20,6.2,VENEZUELA,10.5,-62.6,
1968,9,25,7,MEXICO,15.6,-92.6,1
1969,2,23,6.9,INDONESIA,-3.1,118.9,2
1969,2,28,7.8,PORTUGAL,36.017,-10.95,
1969,3,21,,PHILIPPINES,19.077,122.202,
1969,3,31,7,EGYPT,27.7,34,
1969,4,12,,SWEDEN,59.4,13.5,
1969,4,21,6.5,JAPAN,32.2,132.1,-3
1969,8,2,5.4,PAPUA NEW GUINEA,-6.6,146.9,-1
1969,8,11,8.2,RUSSIA,43.6,147.9,2
1969,11,22,7.7,RUSSIA,57.7,163.6,3
1969,12,25,7.2,GUADELOUPE (FRENCH TERRITORY),15.8,-59.7,
1970,1,10,7.6,PHILIPPINES,6.8,126.7,
1970,3,11,6,USA,57.5,-153.9,
1970,4,7,7.3,PHILIPPINES,15.78,121.71,1
1970,5,14,6.5,RUSSIA,43,47.1,
1970,5,31,7.9,PERU,-9.2,-78.8,
1970,6,14,6,CHILE,-52,-73.8,
1970,6,19,6.4,CHILE,-22.28,-70.55,
1970,7,25,7,JAPAN,32.2,131.7,
1970,9,28,5.1,NEW ZEALAND,-44.64,173.62,
1970,9,30,5.3,PHILIPPINES,20.6,122,0.5
1970,10,31,7.3,PAPUA NEW GUINEA,-4.907,145.471,0.5
1970,11,28,6,CHILE,-20.94,-69.81,
1970,12,4,5.1,RUSSIA,43.84,39.34,2
1971,3,19,,PERU,-11.116,-76.5,
1971,5,2,7.1,USA,51.228,-177.173,-3
1971,7,9,7.8,CHILE,-32.5,-71.2,0
1971,7,14,7.9,PAPUA NEW GUINEA,-5.5,153.9,1
1971,7,26,7.9,PAPUA NEW GUINEA,-4.9,153.2,1.5
1971,8,2,7.3,JAPAN,41.4,143.5,-0.5
1971,9,5,7.1,RUSSIA,46.5,141.2,
1971,9,6,5.5,RUSSIA,46.7,141.4,
1971,9,6,,SOLOMON ISLANDS,-10.38,165.8,
1971,9,8,6.6,RUSSIA,46.4,141.1,-3
1971,9,8,6.2,RUSSIA,46.3,140.9,-3
1971,9,25,7,PAPUA NEW GUINEA,-6.5,146.6,0.5
1971,9,27,6,RUSSIA,46.4,141.1,-4
1971,11,6,5.7,USA,51.5,179.1,
1971,12,15,7.8,RUSSIA,56,163.3,
1972,1,25,7.5,TAIWAN,22.5,122.3,-2
1972,2,29,7.4,JAPAN,33.3,140.8,0.5
1972,6,8,6.6,CHILE,-30.5,-71.8,
1972,7,30,7.6,USA,56.82,-135.685,-2
1972,8,17,7.1,PAPUA NEW GUINEA,-6,152.9,
1972,8,26,,PAPUA NEW GUINEA,-6.7,147,
1972,9,6,5.2,JAPAN,32.9,130.3,
1972,10,9,,PAPUA NEW GUINEA,-5.52,148.121,
1972,12,2,7.4,PHILIPPINES,6.5,126.6,
1972,12,4,7.4,JAPAN,33.3,140.7,-1
1972,12,29,5.4,CHILE,-30.6,-71,
1973,1,30,7.5,MEXICO,18.48,-103,
1973,2,28,7.2,RUSSIA,50.5,156.6,0.5
1973,3,17,7.5,PHILIPPINES,13.4,122.8,
1973,6,17,7.7,JAPAN,43.2,145.8,1
1973,6,24,7.1,RUSSIA,43.3,146.4,
1973,6,26,6.6,RUSSIA,43.2,146.6,
1973,10,5,6.7,CHILE,-32.5,-71.5,-1
1974,1,31,7,SOLOMON ISLANDS,-7.5,155.9,1
1974,2,1,7.1,SOLOMON ISLANDS,-7.4,155.6,2
1974,5,8,6.7,JAPAN,34.6,138.7,-2.5
1974,8,18,7.1,CHILE,-38.5,-73.4,
1974,9,27,6.7,RUSSIA,43.2,146.7,-1
1974,10,3,8.1,PERU,-12.27,-77.79,1
1974,10,17,,CANADA,54,-128.7,
1974,10,17,,PAPUA NEW GUINEA,-5.52,148.121,
1974,12,28,6.2,PAKISTAN,35.1,72.9,
1975,1,15,5.9,INDONESIA,-5,130,
1975,3,13,6.9,CHILE,-29.9,-71.3,
1975,4,27,,CANADA,53.98,-128.68,
1975,5,26,7.7,ATLANTIC OCEAN,35.997,-17.649,
1975,6,10,7,RUSSIA,43.024,147.734,2
1975,7,20,7.9,PAPUA NEW GUINEA,-6.59,155.054,1
1975,10,31,7.6,PHILIPPINES,12.54,125.993,-1.5
1975,11,29,7.7,USA,19.451,-155.033,3
1975,12,26,7.8,SAMOA,-16.265,-172.467,
1976,1,14,8,NEW ZEALAND,-28.427,-177.657,
1976,1,21,7,RUSSIA,44.915,149.123,-2.5
1976,2,4,7.5,GUATEMALA,15.324,-89.101,
1976,8,16,8,PHILIPPINES,6.292,124.09,2.5
1977,4,2,7.6,SAMOA,-16.696,-172.095,-2
1977,4,20,6.8,SOLOMON ISLANDS,-9.828,163.323,-1
1977,4,20,7.6,SOLOMON ISLANDS,-9.89,160.348,
1977,4,21,8.1,SOLOMON ISLANDS,-9.965,160.731,-1.5
1977,6,22,7.2,TONGA,-22.878,-175.9,
1977,8,19,8,INDONESIA,-11.085,118.464,3
1977,8,20,5.5,PAPUA NEW GUINEA,-1.1,146.2,
1977,8,28,5.5,PAPUA NEW GUINEA,-1.081,146.23,-0.5
1977,10,10,7.2,TONGA,-25.856,-175.406,-3
1978,1,14,6.6,JAPAN,34.809,139.259,
1978,3,22,6.7,RUSSIA,44.026,149.002,-2.5
1978,3,22,6.6,RUSSIA,44.14,149.029,-3
1978,3,23,6.8,RUSSIA,44.209,148.971,-1.5
1978,3,23,7.5,RUSSIA,44.932,148.439,0
1978,3,24,7.6,RUSSIA,44.244,148.862,0
1978,6,12,7.7,JAPAN,38.19,142.03,0.5
1978,6,12,,INDIA,,,
1978,6,14,6.9,PHILIPPINES,8.249,122.403,
1978,6,20,6.4,GREECE,40.739,23.229,2
1978,6,21,,ITALY,42,16,4
1978,7,23,7.4,TAIWAN,22.282,121.512,-1
1978,8,14,4.4,SPAIN,36.37,-6.98,1
1978,10,10,,NEW ZEALAND,-43.08,172.97,
1978,11,29,7.8,MEXICO,16.01,-96.591,
1979,2,20,6.4,JAPAN,40.232,143.703,
1979,2,28,7.5,USA,60.691,-141.671,
1979,3,14,7.6,MEXICO,17.813,-101.276,
1979,4,9,5.3,SERBIA AND MONTENEGRO,41.956,19.023,
1979,4,15,6.9,SERBIA AND MONTENEGRO,42.096,19.209,1
1979,5,15,5.6,GREECE,34.53,24.437,1
1979,7,18,,INDONESIA,-8.6,123.5,
1979,8,9,,INDONESIA,-8.5,123.5,
1979,9,3,5,VENEZUELA,11.517,-69.5,
1979,9,12,7.9,INDONESIA,-1.679,136.04,
1979,10,6,,NORWAY,65.117,12.333,3
1979,10,16,,FRANCE,43.7,7.25,
1979,11,16,6.9,FIJI,-16.76,179.984,
1979,12,12,7.7,COLOMBIA,1.598,-79.358,2.5
1980,1,1,7.2,PORTUGAL,38.815,-27.78,1
1980,2,23,7,RUSSIA,43.53,146.753,-2
1980,5,18,,USA,46.2,-122.18,
1980,6,29,6.2,JAPAN,34.808,139.181,
1980,7,17,7.9,SOLOMON ISLANDS,-12.525,165.916,
1980,10,10,7.7,ALGERIA,36.195,1.354,2
1981,1,18,6.9,JAPAN,38.64,142.75,
1981,2,24,6.7,GREECE,38.222,22.934,3
1981,3,4,6.4,GREECE,38.209,23.288,
1981,5,11,,SOUTH AFRICA,-35.616,20.267,
1981,5,25,7.6,NEW ZEALAND,-48.786,164.357,
1981,9,1,7.7,SAMOA,-14.96,-173.085,-2
1981,10,25,7.3,MEXICO,18.084,-102.084,
1982,1,11,7.1,PHILIPPINES,13.752,124.358,
1982,2,24,5.4,INDONESIA,4.374,97.755,
1982,3,11,6.6,INDONESIA,-9.265,118.479,
1982,3,21,6.9,JAPAN,42.158,142.361,
1982,7,23,7.2,JAPAN,36.194,141.702,-1
1982,12,19,7.5,TONGA,-24.133,-175.864,
1982,12,25,6,INDONESIA,-8.405,123.08,
1982,12,28,6.4,JAPAN,33.826,139.434,-1
1983,1,17,7.2,GREECE,38.026,20.228,
1983,3,12,6.9,INDONESIA,-4.056,127.924,1.5
1983,3,18,7.9,PAPUA NEW GUINEA,-4.883,153.581,
1983,5,26,7.8,JAPAN,40.462,139.102,2
1983,6,9,5.9,JAPAN,40.249,138.948,
1983,6,21,6.9,JAPAN,41.346,139.099,
1983,8,6,7,GREECE,40.142,24.766,2
1983,8,17,7.1,RUSSIA,55.867,161.287,
1983,8,17,6.6,PHILIPPINES,18.231,120.86,
1983,8,17,,INDONESIA,-8.54,123.59,
1983,8,18,,NORWAY,61.233,7.717,4
1983,10,4,7.7,CHILE,-26.535,-70.563,0.2
1983,11,30,7.7,UK TERRITORY,-6.852,72.11,
1984,1,8,6.8,INDONESIA,-2.823,118.806,
1984,2,11,5.4,GREECE,38.396,22.094,3
1984,3,24,7.2,RUSSIA,44.117,148.192,-2
1984,6,13,5.5,JAPAN,31.448,140.036,
1984,8,6,7,JAPAN,32.386,131.945,
1984,9,18,6.9,JAPAN,34.006,141.5,
1984,12,28,6.8,RUSSIA,56.194,163.46,
1985,3,3,8,CHILE,-33.132,-71.708,
1985,3,16,6.4,GUADELOUPE (FRENCH TERRITORY),17.013,-62.448,
1985,4,13,6.2,INDONESIA,-9.245,114.185,
1985,7,3,7.3,PAPUA NEW GUINEA,-4.439,152.828,
1985,9,19,8,MEXICO,18.19,-102.533,
1985,9,21,7.6,MEXICO,17.802,-101.647,
1986,5,7,8,USA,51.52,-174.776,
1986,5,17,6.4,USA,52.327,-174.504,
1986,10,20,7.8,NEW ZEALAND,-28.117,-176.367,
1986,11,14,7.8,TAIWAN,23.901,121.574,
1987,2,6,6.7,JAPAN,36.988,141.689,
1987,2,8,7.4,PAPUA NEW GUINEA,-6.088,147.689,
1987,2,21,,NORWAY,62.2,6.65,2
1987,3,5,7.6,CHILE,-24.388,-70.161,
1987,3,18,6.7,JAPAN,32.034,131.837,
1987,3,24,5.1,JAPAN,37.447,137.865,
1987,5,20,,NEW ZEALAND,-45.46,167.15,
1987,6,18,6.3,SOLOMON ISLANDS,-10.717,162.33,
1987,7,6,6.7,VANUATU,-14.074,167.828,
1987,10,6,7.3,TONGA,-17.94,-172.225,
1987,10,12,7,PAPUA NEW GUINEA,-7.288,154.371,
1987,10,16,7.4,PAPUA NEW GUINEA,-6.266,149.06,
1987,11,17,7.2,USA,58.586,-143.27,
1987,11,26,6.6,INDONESIA,-8.247,124.155,
1987,11,30,7.9,USA,58.679,-142.786,
1988,2,5,7.2,CHILE,-24.753,-70.433,
1988,3,6,7.8,USA,57.262,-142.747,
1988,4,20,,ITALY,38.4,14.967,
1988,4,30,,USA,,,
1988,6,24,5.4,PHILIPPINES,18.606,121.013,
1988,7,5,6.8,PAPUA NEW GUINEA,-5.964,148.78,
1988,8,6,7.2,BANGLADESH,25.149,95.127,
1988,8,10,7.6,SOLOMON ISLANDS,-10.258,160.896,
1989,5,23,8.1,AUSTRALIA,-52.341,160.568,
1989,6,26,6.5,USA,19.362,-155.083,
1989,9,4,7.1,USA,55.543,-156.835,
1989,10,18,6.9,USA,37.036,-121.883,
1989,10,29,6.5,JAPAN,39.571,143.333,
1989,10,29,5.9,ALGERIA,36.788,2.448,
1989,11,1,4.4,USA TERRITORY,18.986,-68.833,
1989,11,1,7.4,JAPAN,39.837,142.76,
1990,2,8,6.6,PHILIPPINES,9.755,124.694,
1990,2,20,6.4,JAPAN,34.706,139.252,
1990,3,25,7,COSTA RICA,9.919,-84.808,
1990,4,5,7.5,USA TERRITORY,15.125,147.596,
1990,5,,,PHILIPPINES,7,126,
1990,9,23,6.5,JAPAN,33.267,138.643,
1990,12,13,5.3,ITALY,37.3,15.438,
1990,12,13,6.3,TAIWAN,23.722,121.627,
1991,1,4,,GREECE,37.7,26.3,
1991,2,9,6.9,SOLOMON ISLANDS,-9.929,159.139,
1991,2,16,5.7,RUSSIA,48.268,154.328,
1991,2,21,6.7,USA,58.427,-175.45,
1991,4,22,7.6,COSTA RICA,9.685,-83.073,
1991,5,7,,GREECE,37.133,26.833,
1991,10,14,7.2,SOLOMON ISLANDS,-9.094,158.442,-2.5
1991,12,22,7.6,RUSSIA,45.533,151.021,0.5
1992,1,5,3.7,CHINA,18,108,
1992,4,25,7.2,USA,40.368,-124.316,0.5
1992,5,17,7.3,PHILIPPINES,7.191,126.762,
1992,5,27,7.1,SOLOMON ISLANDS,-11.122,165.239,
1992,7,3,,USA,,,
1992,7,18,7,JAPAN,39.419,143.33,-0.5
1992,8,11,6.3,JAPAN,32.536,141.641,
1992,9,2,7.7,NICARAGUA,11.727,-87.386,2.8
1992,12,12,7.8,INDONESIA,-8.48,121.896,2.7
1993,2,7,6.3,JAPAN,37.634,137.245,-0.5
1993,3,12,6.4,WALLIS AND FUTUNA (FRENCH TERRITORY),-14.385,-178.252,
1993,6,8,7.5,RUSSIA,51.218,157.829,-0.5
1993,6,18,6.6,NEW ZEALAND,-28.886,-176.819,
1993,7,12,7.7,JAPAN,42.851,139.197,3.1
1993,8,7,6.3,JAPAN,41.985,139.839,
1993,8,8,7.8,USA TERRITORY,12.982,144.801,
1993,11,13,7,RUSSIA,51.934,158.647,-3
1994,1,4,,USA,44.4,-67.97,
1994,1,17,6.7,USA,34.213,-118.537,-3
1994,1,21,7,INDONESIA,1.015,127.733,1.5
1994,2,15,6.9,INDONESIA,-4.967,104.302,
1994,4,8,6.4,JAPAN,40.608,143.683,-1.5
1994,4,28,,NORWAY,61.267,6.583,4
1994,5,24,6.5,TAIWAN,23.959,122.448,
1994,6,2,7.8,INDONESIA,-10.477,112.835,2.5
1994,6,3,6.6,INDONESIA,-10.362,112.892,
1994,6,4,6.5,INDONESIA,-10.777,113.366,
1994,6,5,6.1,INDONESIA,-10.341,113.369,
1994,9,1,7,USA,40.402,-125.68,-3
1994,9,19,,PAPUA NEW GUINEA,-4.238,152.214,
1994,10,4,8.3,RUSSIA,43.773,147.321,2.6
1994,10,8,6.8,INDONESIA,-1.258,127.98,1.5
1994,10,9,7.3,RUSSIA,43.905,147.916,-3
1994,11,4,,USA,59.5,-135.3,2.5
1994,11,14,7.1,PHILIPPINES,13.525,121.067,2.1
1994,12,28,7.8,JAPAN,40.525,143.419,
1995,1,16,6.9,JAPAN,34.583,135.018,-2
1995,4,7,7.4,SAMOA,-15.199,-173.529,-1.5
1995,4,21,7.2,PHILIPPINES,12.059,125.58,-2
1995,4,21,6.8,PHILIPPINES,12.047,125.92,-2
1995,5,13,6.6,GREECE,40.149,21.695,
1995,5,14,6.9,INDONESIA,-8.452,125.049,1.5
1995,5,16,7.7,NEW CALEDONIA,-23.008,169.9,-2
1995,5,27,7.1,RUSSIA,52.629,142.827,-2
1995,6,15,6.5,GREECE,38.401,22.283,3
1995,7,30,8,CHILE,-23.34,-70.294,1.5
1995,8,16,7.7,PAPUA NEW GUINEA,-5.799,154.178,-1.5
1995,9,14,7.4,MEXICO,16.779,-98.597,-1
1995,10,9,8,MEXICO,19.055,-104.205,2.5
1995,10,18,7.1,JAPAN,27.929,130.175,1.5
1995,10,19,6.8,JAPAN,28.094,130.148,0.5
1995,11,1,6.7,CHILE,-28.906,-71.417,-3
1995,11,22,7.2,EGYPT,28.826,34.799,
1995,12,3,7.9,RUSSIA,44.663,149.3,0.5
1996,1,1,7.9,INDONESIA,0.729,119.931,1.8
1996,1,1,,GREECE,38.367,22.083,2
1996,1,2,,RUSSIA,54.05,159.43,
1996,2,17,8.2,INDONESIA,-0.891,136.952,1.8
1996,2,21,7.5,PERU,-9.593,-79.587,1.9
1996,2,25,7.1,MEXICO,15.978,-98.07,-3
1996,4,24,,SWITZERLAND,46.73,7.97,
1996,6,10,7.9,USA,51.564,-177.632,0.5
1996,6,10,7.3,USA,51.478,-176.847,-1.5
1996,9,4,5.7,JAPAN,31.555,139.931,-2
1996,9,5,6.9,CHILE,-22.118,-113.436,-2.5
1996,9,5,6.8,TAIWAN,21.898,121.498,
1996,10,18,6.6,JAPAN,30.568,131.093,-2.5
1996,10,19,6.7,JAPAN,31.885,131.468,0.5
1996,11,12,7.7,PERU,-14.993,-75.675,-1
1996,12,2,6.7,JAPAN,31.789,131.314,-2
1997,4,10,,HONDURAS,13.1,-87.6,
1997,4,18,,AUSTRALIA,,,
1997,4,21,7.7,SOLOMON ISLANDS,-12.584,166.676,-2
1997,7,9,7,VENEZUELA,10.598,-63.486,
1997,9,30,6.2,JAPAN,31.959,141.878,
1997,10,14,7.7,TONGA,-22.1,-176.77,
1997,12,5,7.8,RUSSIA,54.841,162.035,0.5
1997,12,14,,RUSSIA,54.841,162.035,2
1997,12,26,,MONTSERRAT,16.72,-62.18,
1998,3,19,,NORWAY,61.183,5.267,4
1998,3,25,8.1,ANTARCTICA,-62.877,149.527,
1998,5,3,7.5,TAIWAN,22.306,125.308,
1998,7,17,7,PAPUA NEW GUINEA,-2.943,142.582,
1998,11,29,7.7,INDONESIA,-2.071,124.891,
1999,1,20,,MONTSERRAT,16.722,-62.18,
1999,8,17,7.6,TURKEY,40.76,29.97,
1999,9,13,,FRENCH POLYNESIA,-10.52,-138.67,
1999,11,26,7.5,VANUATU,-16.423,168.214,
2000,1,26,,PHILIPPINES,5.1,120.15,
2000,4,5,5.5,GREECE,34.22,25.69,
2000,5,4,7.6,INDONESIA,-1.105,123.573,
2000,6,18,7.9,AUSTRALIA,-13.802,97.453,
2000,7,1,6.1,JAPAN,34.221,139.131,
2000,7,15,6.1,JAPAN,34.319,139.26,
2000,7,30,6.5,JAPAN,33.901,139.376,
2000,11,4,,USA,34.5,-120.65,
2000,11,16,8,PAPUA NEW GUINEA,-3.98,152.169,
2000,11,21,,GREENLAND,70.25,-52.75,
2001,1,13,7.7,EL SALVADOR,13.049,-88.66,
2001,6,23,8.4,PERU,-16.265,-73.641,
2001,10,12,6.1,CANADA,52.63,-132.2,
2001,12,18,6.8,TAIWAN,23.954,122.734,
2002,1,2,7.2,VANUATU,-17.6,167.856,-4.14
2002,3,5,7.5,PHILIPPINES,6.033,124.249,
2002,3,26,6.4,JAPAN,23.346,124.09,
2002,3,31,7.1,TAIWAN,24.279,122.179,
2002,9,8,7.6,PAPUA NEW GUINEA,-3.302,142.945,1.08
2002,9,13,6.5,INDIA,13.036,93.068,
2002,10,10,7.6,INDONESIA,-1.757,134.297,2.82
2002,11,4,,NEW ZEALAND,-44.7,169.2,
2002,12,30,,ITALY,38.789,15.213,5
2003,1,20,7.3,SOLOMON ISLANDS,-10.491,160.77,
2003,1,22,7.5,MEXICO,18.77,-104.104,0.5
2003,5,21,6.8,ALGERIA,36.964,3.634,1.5
2003,5,27,5.7,ALGERIA,36.939,3.578,
2003,7,12,,MONTSERRAT,16.722,-62.18,
2003,8,21,7.2,NEW ZEALAND,-45.104,167.144,
2003,9,25,8.3,JAPAN,41.815,143.91,
2003,10,31,7,JAPAN,37.812,142.619,
2003,11,17,7.8,USA,51.146,178.65,
2003,12,27,6.1,NEW CALEDONIA,-22.107,169.35,
2004,1,28,6.7,INDONESIA,-3.12,127.4,
2004,2,11,5.3,JORDAN,31.675,35.551,
2004,9,5,7.2,JAPAN,33.07,136.618,
2004,9,5,7.4,JAPAN,33.184,137.071,
2004,11,2,6.6,CANADA,49.277,-128.772,
2004,11,11,7.5,INDONESIA,-8.152,124.868,
2004,11,21,6.3,GUADELOUPE (FRENCH TERRITORY),15.679,-61.706,
2004,11,22,7.1,NEW ZEALAND,-46.676,164.721,
2004,11,28,7,JAPAN,43.006,145.119,
2004,12,23,8.1,AUSTRALIA,-49.312,161.345,
2004,12,26,9.1,INDONESIA,3.316,95.854,
2005,1,19,6.6,JAPAN,34.064,141.491,
2005,2,14,5.8,GUADELOUPE (FRENCH TERRITORY),15.775,-61.744,
2005,3,28,8.7,INDONESIA,2.085,97.108,
2005,4,10,6.7,INDONESIA,-1.644,99.607,
2005,6,15,7.2,USA,41.301,-125.97,
2005,8,16,7.2,JAPAN,38.276,142.039,
2005,11,14,7,JAPAN,38.107,144.896,
2005,12,9,,CANADA,,,
2006,1,16,,USA,,,
2006,3,14,6.7,INDONESIA,-3.595,127.214,
2006,5,3,8,TONGA,-20.187,-174.123,
2006,5,20,,MONTSERRAT,16.722,-62.18,
2006,7,17,7.7,INDONESIA,-9.254,107.411,
2006,9,28,6.9,SAMOA,-16.592,-172.033,
2006,10,15,6.7,USA,19.878,-155.935,
2006,11,15,8.3,RUSSIA,46.592,153.266,
2006,12,26,7,CHINA,21.799,120.547,
2007,1,13,8.1,RUSSIA,46.243,154.524,
2007,3,25,7.1,VANUATU,-20.617,169.357,
2007,3,25,6.7,JAPAN,37.336,136.588,
2007,4,1,8.1,SOLOMON ISLANDS,-8.46,157.044,
2007,4,21,6.2,CHILE,-45.285,-72.606,
2007,5,7,,BULGARIA,43,29,
2007,7,16,6.6,JAPAN,37.57,138.478,
2007,8,2,6.2,RUSSIA,47.116,141.798,
2007,8,2,6.7,USA,51.307,-179.971,
2007,8,15,8,PERU,-13.386,-76.603,
2007,9,2,7.2,SOLOMON ISLANDS,-11.61,165.762,
2007,9,12,8.4,INDONESIA,-4.438,101.367,
2007,9,30,7.4,NEW ZEALAND,-49.418,163.954,
2007,11,14,7.7,CHILE,-22.247,-69.89,
2007,11,29,7.4,MARTINIQUE (FRENCH TERRITORY),14.944,-61.274,
2007,12,3,,CANADA,49.475,-121.847,
2007,12,9,7.8,KERMADEC ISLANDS,-25.996,-177.514,
2008,2,25,6.5,INDONESIA,-2.486,99.972,
2008,4,9,7.3,NEW CALEDONIA,-20.071,168.892,
2008,4,28,6.4,VANUATU,-19.941,168.953,
2008,5,12,7.9,CHINA,31.002,103.322,
2008,7,19,6.9,JAPAN,37.552,142.214,
2008,8,8,,USA,52.18,-175.5,
2008,8,26,5,ATLANTIC OCEAN,-52.533,26.417,
2008,9,11,6.8,JAPAN,41.892,143.754,
2008,10,28,,USA,43.8,-69.7,
2008,11,16,7.3,INDONESIA,1.271,122.091,
2009,1,3,7.6,INDONESIA,-0.414,132.885,
2009,1,3,7.3,INDONESIA,-0.691,133.305,
2009,1,15,7.4,RUSSIA,46.857,155.154,
2009,2,11,7.2,INDONESIA,3.884,126.397,
2009,3,19,7.6,TONGA,-23.046,-174.659,
2009,5,28,7.3,HONDURAS,16.72,-86.236,
2009,7,15,7.8,NEW ZEALAND,-45.762,166.562,
2009,8,10,7.5,INDIA,14.099,92.888,
2009,8,10,6.4,JAPAN,34.743,138.264,
2009,8,16,6.7,INDONESIA,-1.479,99.49,
2009,8,25,,USA,,,
2009,9,29,8.1,SAMOA,-15.489,-172.095,
2009,9,30,7.5,INDONESIA,-0.72,99.867,
2009,10,7,7.6,VANUATU,-13.006,166.51,
2010,1,3,6.6,SOLOMON ISLANDS,-8.743,157.477,
2010,1,3,7.1,SOLOMON ISLANDS,-8.799,157.346,
2010,1,5,6.8,SOLOMON ISLANDS,-9.019,157.551,
2010,1,12,7,HAITI,18.457,-72.533,
2010,2,26,7,JAPAN,25.93,128.425,
2010,2,27,8.8,CHILE,-36.122,-72.898,
2010,3,11,6.9,CHILE,-34.29,-71.891,
2010,4,6,7.8,INDONESIA,2.383,97.048,
2010,4,13,,COOK ISLANDS,-21.955,-157.92,
2010,4,13,,PERU,-9.282,-77.645,
2010,5,29,,USA TERRITORY,16.708,145.97,
2010,6,12,7.5,INDIA,7.881,91.936,
2010,8,10,7.2,VANUATU,-17.541,168.069,
2010,8,13,6.9,USA TERRITORY,12.484,141.476,
2010,10,25,7.8,INDONESIA,-3.487,100.082,
2010,12,21,7.4,JAPAN,26.901,143.698,
2010,12,25,7.3,VANUATU,-19.702,167.947,
2011,1,9,6.5,VANUATU,-19.157,168.311,
2011,2,11,6.8,CHILE,-36.474,-73.125,
2011,2,21,6.1,NEW ZEALAND,-43.583,172.68,
2011,3,9,7.5,JAPAN,38.435,142.842,
2011,3,11,9.1,JAPAN,38.297,142.372,
2011,4,7,7.1,JAPAN,38.276,141.588,
2011,6,24,7.3,USA,52.05,-171.836,
2011,6,27,,UK,50.5,-3,
2011,7,6,7.6,NEW ZEALAND,-29.539,-176.34,
2011,7,10,7,JAPAN,38.034,143.264,
2011,7,30,,NORWAY,59.05,6.64,
2011,8,6,,NORWAY,59.05,6.64,
2011,8,20,7.1,VANUATU,-18.365,168.143,
2011,8,20,7,VANUATU,-18.311,168.218,
2011,9,2,6.8,USA,52.171,-171.708,
2011,10,21,7.4,NEW ZEALAND,-28.993,-176.238,
2012,2,2,7,VANUATU,-17.827,167.133,
2012,3,14,6.9,JAPAN,40.887,144.944,
2012,3,20,7.4,MEXICO,16.493,-98.231,
2012,4,11,8.6,INDONESIA,2.327,93.063,
2012,4,11,8.2,INDONESIA,0.802,92.463,
2012,4,14,6.3,VANUATU,-18.972,168.741,
2012,7,15,,GREENLAND,69.2,-51.3,
2012,8,27,7.3,NICARAGUA,12.139,-88.59,
2012,8,31,7.6,PHILIPPINES,10.811,126.638,
2012,9,5,7.6,COSTA RICA,10.085,-85.315,
2012,10,28,7.7,CANADA,52.788,-132.101,
2012,11,7,7.3,GUATEMALA,13.988,-91.895,
2012,12,7,7.2,JAPAN,37.89,143.949,
2012,12,28,,CHINA,31.256,110.733,
2013,1,5,7.5,USA,55.393,-134.652,
2013,2,6,7.9,SOLOMON ISLANDS,-10.766,165.114,
2013,2,8,7,SOLOMON ISLANDS,-10.928,166.018,
2013,4,19,7.2,RUSSIA,46.221,150.788,
2013,6,13,,USA,,,
2013,7,21,6.5,NEW ZEALAND,-41.704,174.337,
2013,8,16,6.5,NEW ZEALAND,-41.767,174.061,
2013,9,24,,PAKISTAN,25.18,62.26,
2013,10,25,7.1,JAPAN,37.149,144.679,
2013,11,17,7.8,ANTARCTICA,-60.296,-46.362,
2014,3,16,6.7,CHILE,-19.925,-70.628,
2014,4,1,8.2,CHILE,-19.642,-70.817,
2014,4,3,7.6,CHILE,-20.4,-70.135,
2014,4,12,7.6,SOLOMON ISLANDS,-11.315,162.211,
2014,4,13,7.4,SOLOMON ISLANDS,-11.451,162.069,
2014,4,18,7.2,MEXICO,17.552,-100.816,
2014,4,19,7.5,PAPUA NEW GUINEA,-6.72,154.931,
2014,6,23,6.9,NEW ZEALAND,-30.118,-177.67,
2014,6,23,7.9,USA,51.797,178.76,
2014,7,11,6.5,JAPAN,37.04,142.425,
2014,7,25,6.1,USA,58.358,-137.13,
2014,10,9,7.1,CHILE,-32.115,-110.779,
2014,10,14,7.3,EL SALVADOR,12.526,-88.123,
2014,11,15,7.1,INDONESIA,1.928,126.54,
2015,2,16,6.7,JAPAN,39.83,142.89,
2015,2,19,6.4,VANUATU,-16.431,168.148,
2015,3,29,7.5,PAPUA NEW GUINEA,-4.76,152.556,
2015,5,2,5.7,JAPAN,31.594,140.167,
2015,5,5,7.5,PAPUA NEW GUINEA,-5.465,151.886,
2015,7,1,,SCOTLAND,,,
2015,7,10,6.7,SOLOMON ISLANDS,-9.303,158.396,
2015,7,18,7,SOLOMON ISLANDS,-10.444,165.172,
2015,7,27,6.9,USA,52.736,-169.446,
2015,9,16,8.3,CHILE,-31.573,-71.674,
2015,10,18,,USA,60.08,-141.3,
2015,11,11,6.9,CHILE,-29.439,-72.105,
2015,11,13,6.7,JAPAN,30.991,128.877,
2015,11,17,6.5,GREECE,38.755,20.552,
2016,3,2,7.8,INDONESIA,-4.908,94.275,
2016,4,16,7.8,ECUADOR,0.382,-79.922,
2016,4,28,7,VANUATU,-16.074,167.393,
2016,8,12,7.2,NEW CALEDONIA,-22.495,173.111,
2016,8,19,7.4,UK TERRITORY,-55.279,-31.874,
2016,9,1,7.1,NEW ZEALAND,-37.401,179.055,
2016,11,13,7.8,NEW ZEALAND,-42.757,173.077,
2016,11,21,6.9,JAPAN,37.392,141.403,
2016,11,24,7,NICARAGUA,11.96,-88.835,
2016,12,8,7.8,SOLOMON ISLANDS,-10.665,161.335,
2016,12,9,6.9,SOLOMON ISLANDS,-10.73,161.107,
2016,12,17,7.9,PAPUA NEW GUINEA,-4.509,153.45,
2016,12,25,7.6,CHILE,-43.416,-73.88,
2017,1,3,6.9,FIJI,-19.326,176.053,
2017,1,22,7.9,PAPUA NEW GUINEA,-6.214,55.122,
